"func","file","line","expression","architectures","arm64_call_count","armv7_call_count","total_call_count"
"addLine","/Volumes/E/Projects/kirikiri2_mob/kirikiri2/src/core/environ/ui/ConsoleWindow.cpp","24","TVPMainThreadID == std::this_thread::get_id()","arm64","1","0","1"
"operator+=","/Volumes/E/Projects/kirikiri2_mob/kirikiri2/src/core/movie/ffmpeg/AEChannelInfo.cpp","195","m_channelCount < AE_CH_MAX","arm64","1","0","1"
"operator+=","/Volumes/E/Projects/kirikiri2_mob/kirikiri2/src/core/movie/ffmpeg/AEChannelInfo.cpp","196","rhs > AE_CH_NULL && rhs < AE_CH_MAX","arm64","1","0","1"
"GetChName","/Volumes/E/Projects/kirikiri2_mob/kirikiri2/src/core/movie/ffmpeg/AEChannelInfo.cpp","244","ch >= 0 && ch < AE_CH_MAX","arm64","2","0","2"
"InitResample","/Volumes/E/Projects/kirikiri2_mob/kirikiri2/src/core/movie/ffmpeg/AEFactory.cpp","90","swr_ctx && result >= 0","arm64;armv7","1","1","2"
"GetFrontBuffer","/Volumes/E/Projects/kirikiri2_mob/kirikiri2/src/core/movie/ffmpeg/KRMovieLayer.cpp","29","m_usedPicture >= 0","arm64;armv7","1","1","2"
"AddVideoPicture","/Volumes/E/Projects/kirikiri2_mob/kirikiri2/src/core/movie/ffmpeg/KRMovieLayer.cpp","91","img_convert_ctx","arm64;armv7","1","1","2"
"PresentPicture","/Volumes/E/Projects/kirikiri2_mob/kirikiri2/src/core/movie/ffmpeg/KRMoviePlayer.cpp","285","m_usedPicture >= 0","arm64","1","0","1"
"~MoviePlayerOverlay","/Volumes/E/Projects/kirikiri2_mob/kirikiri2/src/core/movie/ffmpeg/KRMoviePlayer.cpp","337","std::this_thread::get_id() == TVPMainThreadID","arm64","1","0","1"
"round_int","/Volumes/E/Projects/kirikiri2_mob/kirikiri2/src/core/movie/ffmpeg/MathUtils.h","46","x > static_cast<double>((int) (INT_MIN / 2)) - 1.0","arm64;armv7","5","5","10"
"round_int","/Volumes/E/Projects/kirikiri2_mob/kirikiri2/src/core/movie/ffmpeg/MathUtils.h","47","x < static_cast<double>((int) (INT_MAX / 2)) + 1.0","arm64;armv7","5","5","10"
"Release","/Volumes/E/Projects/kirikiri2_mob/kirikiri2/src/core/movie/ffmpeg/Ref.h","25","count >= 0","arm64;armv7","2","2","4"
"tTVPSoundBufferAL","/Volumes/E/Projects/kirikiri2_mob/kirikiri2/src/core/sound/win32/WaveMixer.cpp","481","false","arm64;armv7","1","1","2"
"tTVPSoundBufferAL","/Volumes/E/Projects/kirikiri2_mob/kirikiri2/src/core/sound/win32/WaveMixer.cpp","492","false","arm64;armv7","1","1","2"
"tTVPSoundBufferAL","/Volumes/E/Projects/kirikiri2_mob/kirikiri2/src/core/sound/win32/WaveMixer.cpp","495","false","arm64;armv7","1","1","2"
"NotifyBitmapCompleted","/Volumes/E/Projects/kirikiri2_mob/kirikiri2/src/core/visual/Bitma
TreeOwner.cpp","63","BitmapNI","arm64;armv7","1","1","2"
"AssignBitmap","/Volumes/E/Projects/kirikiri2_mob/kirikiri2/src/core/visual/LayerBitmapIntf.cpp","4767","false","arm64","1","0","1"
"EncodeRgb4Bpp","/Volumes/E/Projects/kirikiri2_mob/kirikiri2/src/core/visual/ogl/pvrtc.cpp","749","bitmap.GetBitmapWidth() == bitmap.GetBitmapHeight()","arm64;armv7","1","1","2"
"EncodeRgb4Bpp","/Volumes/E/Projects/kirikiri2_mob/kirikiri2/src/core/visual/ogl/pvrtc.cpp","750","BitUtility::IsPowerOf2(bitmap.GetBitmapWidth())","arm64;armv7","1","1","2"
"EncodeRgba4Bpp","/Volumes/E/Projects/kirikiri2_mob/kirikiri2/src/core/visual/ogl/pvrtc.cpp","865","bitmap.GetBitmapWidth() == bitmap.GetBitmapHeight()","arm64;armv7","1","1","2"
"EncodeRgba4Bpp","/Volumes/E/Projects/kirikiri2_mob/kirikiri2/src/core/visual/ogl/pvrtc.cpp","866","BitUtility::IsPowerOf2(bitmap.GetBitmapWidth())","arm64;armv7","1","1","2"
"AsTarget","/Volumes/E/Projects/kirikiri2_mob/kirikiri2/src/core/visual/ogl/RenderManager_ogl.cpp","969","false","arm64;armv7","1","1","2"
"UpdateTextureData","/Volumes/E/Projects/kirikiri2_mob/kirikiri2/src/core/visual/ogl/RenderManager_ogl.cpp","1148","texinfo.Width <= GetMaxTextureWidth()","arm64;armv7","1","1","2"
"GetScanLineForWrite","/Volumes/E/Projects/kirikiri2_mob/kirikiri2/src/core/visual/ogl/RenderManager_ogl.cpp","1446","false","arm64;armv7","1","1","2"
"SetSize","/Volumes/E/Projects/kirikiri2_mob/kirikiri2/src/core/visual/ogl/RenderManager_ogl.cpp","1461","false","arm64;armv7","1","1","2"
"tTVPOGLTexture2D_mutatble","/Volumes/E/Projects/kirikiri2_mob/kirikiri2/src/core/visual/ogl/RenderManager_ogl.cpp","1483","sw == 1.f && sh == 1.f","arm64;armv7","1","1","2"
"Update","/Volumes/E/Projects/kirikiri2_mob/kirikiri2/src/core/visual/RenderManager.cpp","337","rc.left == 0 && rc.top == 0 && Format == format","arm64;armv7","1","1","2"
"SetPoint","/Volumes/E/Projects/kirikiri2_mob/kirikiri2/src/core/visual/RenderManager.cpp","347","false","arm64;armv7","1","1","2"
"GetScanLineForWrite","/Volumes/E/Projects/kirikiri2_mob/kirikiri2/src/core/visual/RenderManager.cpp","449","0","arm64;armv7","1","1","2"
"Update","/Volumes/E/Projects/kirikiri2_mob/kirikiri2/src/core/visual/RenderManager.cpp","454","0","arm64;armv7","1","1","2"
"DecompressLineData","/Volumes/E/Projects/kirikiri2_mob/kirikiri2/src/core/visual/RenderManager.cpp","629","n == blk.Length","arm64;armv7","1","1","2"
"DecompressLineData","/Volumes/E/Projects/kirikiri2_mob/kirikiri2/src/core/visual/RenderManager.cpp","745","n == blk.Length","arm64;armv7","1","1","2"
"Update","/Volumes/E/Projects/kirikiri2_mob/kirikiri2/src/core/visual/RenderManager.cpp","869","rc.left == 0","arm64;armv7","1","1","2"
"DoRender","/Volumes/E/Projects/kirikiri2_mob/kirikiri2/src/core/visual/RenderManager.cpp","953","_tar == _dst && rctar == rcdst","arm64;armv7","3","3","6"
"DoRender","/Volumes/E/Projects/kirikiri2_mob/kirikiri2/src/core/visual/RenderManager.cpp","955","h == rcdst.get_height() && w == rcdst.get_width()","arm64;armv7","3","3","6"
"DoRender","/Volumes/E/Projects/kirikiri2_mob/kirikiri2/src/core/visual/RenderManager.cpp","987","_tar == _dst && rctar == rcdst","arm64;armv7","1","1","2"
"DoRender","/Volumes/E/Projects/kirikiri2_mob/kirikiri2/src/core/visual/RenderManager.cpp","989","h == rcdst.get_height() && w == rcdst.get_width()","arm64;armv7","1","1","2"
"DoRender","/Volumes/E/Projects/kirikiri2_mob/kirikiri2/src/core/visual/RenderManager.cpp","1246","w == rctar.get_width() && h == rctar.get_height()","arm64;armv7","2","2","4"
"DoRender","/Volumes/E/Projects/kirikiri2_mob/kirikiri2/src/core/visual/RenderManager.cpp","1315","rcsrc.get_width() == w && rcsrc.get_height() == -h","arm64;armv7","1","1","2"
"DoRender","/Volumes/E/Projects/kirikiri2_mob/kirikiri2/src/core/visual/RenderManager.cpp","1341","rcsrc.get_width() == -w && rcsrc.get_height() == h","arm64;armv7","1","1","2"
"DoRender","/Volumes/E/Projects/kirikiri2_mob/kirikiri2/src/core/visual/RenderManager.cpp","1377","w == rctar.get_width() && h == rctar.get_height()","arm64;armv7","1","1","2"
"DoRender","/Volumes/E/Projects/kirikiri2_mob/kirikiri2/src/core/visual/RenderManager.cpp","1473","_tar == _dst && rctar == rcdst","arm64;armv7","15","15","30"
"DoRender","/Volumes/E/Projects/kirikiri2_mob/kirikiri2/src/core/visual/RenderManager.cpp","1474","w == rctar.get_width() && h == rctar.get_height()","arm64;armv7","15","15","30"
"DoRender","/Volumes/E/Projects/kirikiri2_mob/kirikiri2/src/core/visual/RenderManager.cpp","1530","w == rcdst.get_width() && h == rcdst.get_height()","arm64;armv7","3","3","6"
"DoRender","/Volumes/E/Projects/kirikiri2_mob/kirikiri2/src/core/visual/RenderManager.cpp","1531","w == rctar.get_width() && h == rctar.get_height()","arm64;armv7","3","3","6"
"DoRender","/Volumes/E/Projects/kirikiri2_mob/kirikiri2/src/core/visual/RenderManager.cpp","1601","w == rcdst.get_width() && h == rcdst.get_height()","arm64;armv7","3","3","6"
"DoRender","/Volumes/E/Projects/kirikiri2_mob/kirikiri2/src/core/visual/RenderManager.cpp","1602","w == rctar.get_width() && h == rctar.get_height()","arm64;armv7","3","3","6"
"DoRender","/Volumes/E/Projects/kirikiri2_mob/kirikiri2/src/core/visual/RenderManager.cpp","1778","rctar.get_width() == w && rctar.get_height() == h","arm64;armv7","2","2","4"
"DoRender","/Volumes/E/Projects/kirikiri2_mob/kirikiri2/src/core/visual/RenderManager.cpp","1806","rctar.get_width() == w && rctar.get_height() == h","arm64;armv7","2","2","4"
"RegisterRenderMethod","/Volumes/E/Projects/kirikiri2_mob/kirikiri2/src/core/visual/RenderManager.cpp","2375","method && AllMethods.find(hash) == AllMethods.end()","arm64;armv7","1","1","2"
"CompileRenderMethod","/Volumes/E/Projects/kirikiri2_mob/kirikiri2/src/core/visual/RenderManager.cpp","2382","it == AllMethods.end()","arm64;armv7","1","1","2"
"OperateTriangles","/Volumes/E/Projects/kirikiri2_mob/kirikiri2/src/core/visual/RenderManager.cpp","3136","textures.size() == 1","arm64;armv7","1","1","2"
"OperatePerspective","/Volumes/E/Projects/kirikiri2_mob/kirikiri2/src/core/visual/RenderManager.cpp","4283","textures.size() == 1","arm64;armv7","1","1","2"
"build_codes","/Volumes/E/Projects/kirikiri2_mob/kirikiri2/src/n
ns/AlphaMovie.cpp","306","nb + k <= 256","arm64;armv7","1","1","2"
"DecodeAC","/Volumes/E/Projects/kirikiri2_mob/kirikiri2/src/plugins/AlphaMovie.cpp","397","s > 0","arm64;armv7","1","1","2"
"Decode1","/Volumes/E/Projects/kirikiri2_mob/kirikiri2/src/plugins/AlphaMovie.cpp","433","l <= 16","arm64;armv7","1","1","2"
"DecodeFirstValue","/Volumes/E/Projects/kirikiri2_mob/kirikiri2/src/plugins/AlphaMovie.cpp","460","s > 0","arm64;armv7","1","1","2"
"getGlyphOutline","/Volumes/E/Projects/kirikiri2_mob/kirikiri2/src/plugins/LayerExDraw.cpp","2084","FT_CURVE_TAG(*tags) == FT_CURVE_TAG_ON || FT_CURVE_TAG(*tags) == FT_CURVE_TAG_CONIC","arm64;armv7","1","1","2"
"getGlyphOutline","/Volumes/E/Projects/kirikiri2_mob/kirikiri2/src/plugins/LayerExDraw.cpp","2141","header + 2 <= last","arm64;armv7","1","1","2"
"getGlyphOutline","/Volumes/E/Projects/kirikiri2_mob/kirikiri2/src/plugins/LayerExDraw.cpp","2144","FT_CURVE_TAG(*tags) == FT_CURVE_TAG_CUBIC","arm64;armv7","1","1","2"
"getGlyphOutline","/Volumes/E/Projects/kirikiri2_mob/kirikiri2/src/plugins/LayerExDraw.cpp","2147","FT_CURVE_TAG(*tags) == FT_CURVE_TAG_CUBIC","arm64;armv7","1","1","2"
"getGlyphOutline","/Volumes/E/Projects/kirikiri2_mob/kirikiri2/src/plugins/LayerExDraw.cpp","2150","FT_CURVE_TAG(*tags) == FT_CURVE_TAG_ON","arm64;armv7","1","1","2"
"getGlyphOutline","/Volumes/E/Projects/kirikiri2_mob/kirikiri2/src/plugins/LayerExDraw.cpp","2156","false","arm64;armv7","1","1","2"
"CreateVariant","/Volumes/E/Projects/kirikiri2_mob/kirikiri2/src/plugins/PSBFile.cpp","400","result->AsObjectNoAddRef()","arm64;armv7","1","1","2"
"PropGetByNum","/Volumes/E/Projects/kirikiri2_mob/kirikiri2/src/plugins/PSBFile.cpp","613","result->AsObjectNoAddRef()","arm64;armv7","1","1","2"
"PropGet","/Volumes/E/Projects/kirikiri2_mob/kirikiri2/src/plugins/PSBFile.cpp","632","result->AsObjectNoAddRef()","arm64;armv7","1","1","2"
"ripemd160_compress","/Volumes/E/Projects/kirikiri2_mob/kirikiri2/src/plugins/ripemd160.c","192","self->bufpos == 64","arm64;armv7","1","1","2"
"ripemd160_process","/Volumes/E/Projects/kirikiri2_mob/kirikiri2/src/plugins/ripemd160.c","280","p != NULL && length >= 0","arm64;armv7","1","1","2"
"ripemd160_process","/Volumes/E/Projects/kirikiri2_mob/kirikiri2/src/plugins/ripemd160.c","283","self->bufpos < 64","arm64;armv7","1","1","2"
"xp3Access","/Volumes/E/Projects/kirikiri2_mob/kirikiri2/src/plugins/sqlite3/xp3_vfs.cpp","293","!""Invalid flags argument""","arm64;armv7","1","1","2"
"transformDCBlock422","/Volumes/E/Projects/kirikiri2_mob/kirikiri2/vendor/jxrlib/current/image/decode/JXRTranscode.c","217","oOrientation < O_RCW","arm64","1","0","1"
"transformACBlocks422","/Volumes/E/Projects/kirikiri2_mob/kirikiri2/vendor/jxrlib/current/image/decode/JXRTranscode.c","284","oOrientation < O_RCW","arm64","1","0","1"
"initPostProc","/Volumes/E/Projects/kirikiri2_mob/kirikiri2/vendor/jxrlib/current/image/decode/postprocess.c","65","strPostProcInfo[j][i] != NULL","arm64","1","0","1"
"_peekBit16","/Volumes/E/Projects/kirikiri2_mob/kirikiri2/vendor/jxrlib/current/image/decode/segdec.c","73","0 <= (I32)cBits && cBits <= 16","arm64","1","0","1"
"_flushBit16","/Volumes/E/Projects/kirikiri2_mob/kirikiri2/vendor/jxrlib/current/image/decode/segdec.c","80","(pIO->iMask & 1) == 0","arm64","1","0","1"
"_flushBit16","/Volumes/E/Projects/kirikiri2_mob/kirikiri2/vendor/jxrlib/current/image/decode/segdec.c","80","0 <= (I32)cBits && cBits <= 16","arm64","1","0","1"
"_getHuffShort","/Volumes/E/Projects/kirikiri2_mob/kirikiri2/vendor/jxrlib/current/image/decode/segdec.c","164","iSymbol >= 0","arm64","1","0","1"
"DecodeBlock","/Volumes/E/Projects/kirikiri2_mob/kirikiri2/vendor/jxrlib/current/image/decode/segdec.c","472","iSRn >= 0 && iSRn < 3","arm64","1","0","1"
"DecodeBlockHighpass","/Volumes/E/Projects/kirikiri2_mob/kirikiri2/vendor/jxrlib/current/image/decode/segdec.c","539","iSRn >= 0 && iSRn < 3","arm64","1","0","1"
"DecodeBlockAdaptive","/Volumes/E/Projects/kirikiri2_mob/kirikiri2/vendor/jxrlib/current/image/decode/segdec.c","589","iTrim == 0","arm64","1","0","1"
"DecodeBlockAdaptive","/Volumes/E/Projects/kirikiri2_mob/kirikiri2/vendor/jxrlib/current/image/decode/segdec.c","590","iQP == 1","arm64","1","0","1"
"DecodeCoeffs","/Volumes/E/Projects/kirikiri2_mob/kirikiri2/vendor/jxrlib/current/image/decode/segdec.c","707","pSC->m_Dparam->bSkipFlexbits == 0 || pSC->WMISCP.bfBitstreamFormat == FREQUENCY || pSC->WMISCP.sbSubband == SB_NO_FLEXBITS","arm64","1","0","1"
"DecodeSignificantAbsLevel","/Volumes/E/Projects/kirikiri2_mob/kirikiri2/vendor/jxrlib/current/image/decode/segdec.c","747","iIndex <= 6","arm64","1","0","1"
"outputNChannel","/Volumes/E/Projects/kirikiri2_mob/kirikiri2/vendor/jxrlib/current/image/decode/strdec.c","620","cChannel <= 16","arm64","1","0","1"
"outputNChannel","/Volumes/E/Projects/kirikiri2_mob/kirikiri2/vendor/jxrlib/current/image/decode/strdec.c","732","0","arm64","1","0","1"
"outputMBRow","/Volumes/E/Projects/kirikiri2_mob/kirikiri2/vendor/jxrlib/current/image/decode/strdec.c","894","pSC->m_param.bScaledArith == pSC->m_pNextSC->m_param.bScaledArith","arm64","1","0","1"
"outputMBRow","/Volumes/E/Projects/kirikiri2_mob/kirikiri2/vendor/jxrlib/current/image/decode/strdec.c","917","cChannel <= 16","arm64","1","0","1"
"outputMBRow","/Volumes/E/Projects/kirikiri2_mob/kirikiri2/vendor/jxrlib/current/image/decode/strdec.c","982","0","arm64","1","0","1"
"outputMBRow","/Volumes/E/Projects/kirikiri2_mob/kirikiri2/vendor/jxrlib/current/image/decode/strdec.c","1178","0","arm64","1","0","1"
"outputMBRow","/Volumes/E/Projects/kirikiri2_mob/kirikiri2/vendor/jxrlib/current/image/decode/strdec.c","1337","0","arm64","1","0","1"
"outputMBRow","/Volumes/E/Projects/kirikiri2_mob/kirikiri2/vendor/jxrlib/current/image/decode/strdec.c","1395","0","arm64","1","0","1"
"outputMBRow","/Volumes/E/Projects/kirikiri2_mob/kirikiri2/vendor/jxrlib/current/image/decode/strdec.c","1433","0","arm64","1","0","1"
"outputMBRow","/Volumes/E/Projects/kirikiri2_mob/kirikiri2/vendor/jxrlib/current/image/decode/strdec.c","1472","0","arm64","1","0","1"
"outputMBRow","/Volumes/E/Projects/kirikiri2_mob/kirikiri2/vendor/jxrlib/current/image/decode/strdec.c","1510","0","arm64","1","0","1"
"outputMBRow","/Volumes/E/Projects/kirikiri2_mob/kirikiri2/vendor/jxrlib/current/image/decode/strdec.c","1547","0","arm64","1","0","1"
"outputMBRow","/Volumes/E/Projects/kirikiri2_mob/kirikiri2/vendor/jxrlib/current/image/decode/strdec.c","1556","cfExt == CF_RGB","arm64","1","0","1"
"outputMBRow","/Volumes/E/Projects/kirikiri2_mob/kirikiri2/vendor/jxrlib/current/image/decode/strdec.c","1579","cfExt == CF_RGB","arm64","1","0","1"
"outputMBRow","/Volumes/E/Projects/kirikiri2_mob/kirikiri2/vendor/jxrlib/current/image/decode/strdec.c","1602","cfExt == CF_RGB","arm64","1","0","1"
"outputMBRow","/Volumes/E/Projects/kirikiri2_mob/kirikiri2/vendor/jxrlib/current/image/decode/strdec.c","1628","cfExt == Y_ONLY && pSC->m_param.cfColorFormat == Y_ONLY","arm64","1","0","1"
"outputNChannelThumbnail","/Volumes/E/Projects/kirikiri2_mob/kirikiri2/vendor/jxrlib/current/image/decode/strdec.c","1724","cChannel <= 16","arm64","1","0","1"
"outputNChannelThumbnail","/Volumes/E/Projects/kirikiri2_mob/kirikiri2/vendor/jxrlib/current/image/decode/strdec.c","1829","0","arm64","1","0","1"
"decodeThumbnail","/Volumes/E/Projects/kirikiri2_mob/kirikiri2/vendor/jxrlib/current/image/decode/strdec.c","1941","tScale == (size_t)(1U << nBits)","arm64","1","0","1"
"decodeThumbnail","/Volumes/E/Projects/kirikiri2_mob/kirikiri2/vendor/jxrlib/current/image/decode/strdec.c","2061","0","arm64","1","0","1"
"decodeThumbnail","/Volumes/E/Projects/kirikiri2_mob/kirikiri2/vendor/jxrlib/current/image/decode/strdec.c","2117","0","arm64","1","0","1"
"decodeThumbnail","/Volumes/E/Projects/kirikiri2_mob/kirikiri2/vendor/jxrlib/current/image/decode/strdec.c","2171","0","arm64","1","0","1"
"decodeThumbnail","/Volumes/E/Projects/kirikiri2_mob/kirikiri2/vendor/jxrlib/current/image/decode/strdec.c","2202","0","arm64","1","0","1"
"decodeThumbnail","/Volumes/E/Projects/kirikiri2_mob/kirikiri2/vendor/jxrlib/current/image/decode/strdec.c","2236","0","arm64","1","0","1"
"decodeThumbnail","/Volumes/E/Projects/kirikiri2_mob/kirikiri2/vendor/jxrlib/current/image/decode/strdec.c","2267","0","arm64","1","0","1"
"decodeThumbnail","/Volumes/E/Projects/kirikiri2_mob/kirikiri2/vendor/jxrlib/current/image/decode/strdec.c","2299","0","arm64","1","0","1"
"decodeThumbnail","/Volumes/E/Projects/kirikiri2_mob/kirikiri2/vendor/jxrlib/current/image/decode/strdec.c","2307","cfExt == Y_ONLY && pSC->m_param.cfColorFormat == Y_ONLY","arm64","1","0","1"
"ReadWMIHeader","/Volumes/E/Projects/kirikiri2_mob/kirikiri2/vendor/jxrlib/current/image/decode/strdec.c","2967","pSC != NULL","arm64","1","0","1"
"ImageStrDecInit","/Volumes/E/Projects/kirikiri2_mob/kirikiri2/vendor/jxrlib/current/image/decode/strdec.c","3309","b","arm64","1","0","1"
"ImageStrDecInit","/Volumes/E/Projects/kirikiri2_mob/kirikiri2/vendor/jxrlib/current/image/decode/strdec.c","3310","b","arm64","1","0","1"
"ImageStrDecInit","/Volumes/E/Projects/kirikiri2_mob/kirikiri2/vendor/jxrlib/current/image/decode/strdec.c","3311","b","arm64","1","0","1"
"ImageStrDecInit","/Volumes/E/Projects/kirikiri2_mob/kirikiri2/vendor/jxrlib/current/image/decode/strdec.c","3312","b","arm64","1","0","1"
"ImageStrDecInit","/Volumes/E/Projects/kirikiri2_mob/kirikiri2/vendor/jxrlib/current/image/decode/strdec.c","3313","b","arm64","1","0","1"
"ImageStrDecInit","/Volumes/E/Projects/kirikiri2_mob/kirikiri2/vendor/jxrlib/current/image/decode/strdec.c","3413","b","arm64","1","0","1"
"ImageStrDecDecode","/Volumes/E/Projects/kirikiri2_mob/kirikiri2/vendor/jxrlib/current/image/decode/strdec.c","3442","b","arm64","1","0","1"
"ImageStrDecDecode","/Volumes/E/Projects/kirikiri2_mob/kirikiri2/vendor/jxrlib/current/image/decode/strdec.c","3608","b","arm64","1","0","1"
"ImageStrDecTerm","/Volumes/E/Projects/kirikiri2_mob/kirikiri2/vendor/jxrlib/current/image/decode/strdec.c","3625","b","arm64","1","0","1"
"ImageStrDecTerm","/Volumes/E/Projects/kirikiri2_mob/kirikiri2/vendor/jxrlib/current/image/decode/strdec.c","3628","b","arm64","1","0","1"
"EncodeSignificantAbsLevel","/Volumes/E/Projects/kirikiri2_mob/kirikiri2/vendor/jxrlib/current/image/encode/segenc.c","60","iAbsLevel > 0","arm64","1","0","1"
"EncodeSignificantAbsLevel","/Volumes/E/Projects/kirikiri2_mob/kirikiri2/vendor/jxrlib/current/image/encode/segenc.c","70","iFixed < 30","arm64","1","0","1"
"CodeCoeffs","/Volumes/E/Projects/kirikiri2_mob/kirikiri2/vendor/jxrlib/current/image/encode/segenc.c","862","iModelBits < 16","arm64","1","0","1"
"CodeCoeffs","/Volumes/E/Projects/kirikiri2_mob/kirikiri2/vendor/jxrlib/current/image/encode/segenc.c","949","iModelBits < 16","arm64","1","0","1"
"PutVLWordEsc","/Volumes/E/Projects/kirikiri2_mob/kirikiri2/vendor/jxrlib/current/image/encode/strenc.c","509","iEscape <= 0xff && iEscape > 0xfc","arm64","1","0","1"
"ImageStrEncInit","/Volumes/E/Projects/kirikiri2_mob/kirikiri2/vendor/jxrlib/current/image/encode/strenc.c","1397","b","arm64","1","0","1"
"ImageStrEncInit","/Volumes/E/Projects/kirikiri2_mob/kirikiri2/vendor/jxrlib/current/image/encode/strenc.c","1398","b","arm64","1","0","1"
"ImageStrEncInit","/Volumes/E/Projects/kirikiri2_mob/kirikiri2/vendor/jxrlib/current/image/encode/strenc.c","1399","b","arm64","1","0","1"
"ImageStrEncInit","/Volumes/E/Projects/kirikiri2_mob/kirikiri2/vendor/jxrlib/current/image/encode/strenc.c","1400","b","arm64","1","0","1"
"ImageStrEncInit","/Volumes/E/Projects/kirikiri2_mob/kirikiri2/vendor/jxrlib/current/image/encode/strenc.c","1401","b","arm64","1","0","1"
"ImageStrEncInit","/Volumes/E/Projects/kirikiri2_mob/kirikiri2/vendor/jxrlib/current/image/encode/strenc.c","1489","b","arm64","1","0","1"
"ImageStrEncEncode","/Volumes/E/Projects/kirikiri2_mob/kirikiri2/vendor/jxrlib/current/image/encode/strenc.c","1513","b","arm64","1","0","1"
"ImageStrEncEncode","/Volumes/E/Projects/kirikiri2_mob/kirikiri2/vendor/jxrlib/current/image/encode/strenc.c","1553","b","arm64","1","0","1"
"ImageStrEncTerm","/Volumes/E/Projects/kirikiri2_mob/kirikiri2/vendor/jxrlib/current/image/encode/strenc.c","1572","b","arm64","1","0","1"
"ImageStrEncTerm","/Volumes/E/Projects/kirikiri2_mob/kirikiri2/vendor/jxrlib/current/image/encode/strenc.c","1591","b","arm64","1","0","1"
"ImageStrEncTerm","/Volumes/E/Projects/kirikiri2_mob/kirikiri2/vendor/jxrlib/current/image/encode/strenc.c","1592","b","arm64","1","0","1"
"padHorizontally","/Volumes/E/Projects/kirikiri2_mob/kirikiri2/vendor/jxrlib/current/image/encode/strenc.c","1698","cFullChannel <= 16","arm64","1","0","1"
"padHorizontally","/Volumes/E/Projects/kirikiri2_mob/kirikiri2/vendor/jxrlib/current/image/encode/strenc.c","1700","pSC->WMISCP.cChannel <= 16","arm64","1","0","1"
"inputMBRow","/Volumes/E/Projects/kirikiri2_mob/kirikiri2/vendor/jxrlib/current/image/encode/strenc.c","1856","cChannel <= 16","arm64","1","0","1"
"inputMBRow","/Volumes/E/Projects/kirikiri2_mob/kirikiri2/vendor/jxrlib/current/image/encode/strenc.c","1899","0","arm64","1","0","1"
"inputMBRow","/Volumes/E/Projects/kirikiri2_mob/kirikiri2/vendor/jxrlib/current/image/encode/strenc.c","1909","pSC->m_bSecondary == FALSE","arm64","1","0","1"
"inputMBRow","/Volumes/E/Projects/kirikiri2_mob/kirikiri2/vendor/jxrlib/current/image/encode/strenc.c","1928","cChannel <= 16","arm64","1","0","1"
"inputMBRow","/Volumes/E/Projects/kirikiri2_mob/kirikiri2/vendor/jxrlib/current/image/encode/strenc.c","2003","0","arm64","1","0","1"
"inputMBRow","/Volumes/E/Projects/kirikiri2_mob/kirikiri2/vendor/jxrlib/current/image/encode/strenc.c","2086","0","arm64","1","0","1"
"inputMBRow","/Volumes/E/Projects/kirikiri2_mob/kirikiri2/vendor/jxrlib/current/image/encode/strenc.c","2140","0","arm64","1","0","1"
"inputMBRow","/Volumes/E/Projects/kirikiri2_mob/kirikiri2/vendor/jxrlib/current/image/encode/strenc.c","2178","0","arm64","1","0","1"
"inputMBRow","/Volumes/E/Projects/kirikiri2_mob/kirikiri2/vendor/jxrlib/current/image/encode/strenc.c","2215","0","arm64","1","0","1"
"inputMBRow","/Volumes/E/Projects/kirikiri2_mob/kirikiri2/vendor/jxrlib/current/image/encode/strenc.c","2251","0","arm64","1","0","1"
"inputMBRow","/Volumes/E/Projects/kirikiri2_mob/kirikiri2/vendor/jxrlib/current/image/encode/strenc.c","2288","0","arm64","1","0","1"
"inputMBRow","/Volumes/E/Projects/kirikiri2_mob/kirikiri2/vendor/jxrlib/current/image/encode/strenc.c","2296","cfExt == CF_RGB","arm64","1","0","1"
"inputMBRow","/Volumes/E/Projects/kirikiri2_mob/kirikiri2/vendor/jxrlib/current/image/encode/strenc.c","2313","cfExt == CF_RGB","arm64","1","0","1"
"inputMBRow","/Volumes/E/Projects/kirikiri2_mob/kirikiri2/vendor/jxrlib/current/image/encode/strenc.c","2330","cfExt == CF_RGB","arm64","1","0","1"
"inputMBRow","/Volumes/E/Projects/kirikiri2_mob/kirikiri2/vendor/jxrlib/current/image/encode/strenc.c","2345","cfExt == Y_ONLY","arm64","1","0","1"
"AdaptDiscriminant","/Volumes/E/Projects/kirikiri2_mob/kirikiri2/vendor/jxrlib/current/image/sys/adapthuff.c","458","t >= 0","arm64","1","0","1"
"AdaptDiscriminant","/Volumes/E/Projects/kirikiri2_mob/kirikiri2/vendor/jxrlib/current/image/sys/adapthuff.c","459","t < gMaxTables[iSym]","arm64","1","0","1"
"AdaptDiscriminant","/Volumes/E/Projects/kirikiri2_mob/kirikiri2/vendor/jxrlib/current/image/sys/adapthuff.c","504","0","arm64","1","0","1"
"PerfTimerStart","/Volumes/E/Projects/kirikiri2_mob/kirikiri2/vendor/jxrlib/current/image/sys/perfTimerANSI.c","135","FALSE","arm64","1","0","1"
"PerfTimerStop","/Volumes/E/Projects/kirikiri2_mob/kirikiri2/vendor/jxrlib/current/image/sys/perfTimerANSI.c","171","FALSE","arm64","1","0","1"
"PerfTimerGetResults","/Volumes/E/Projects/kirikiri2_mob/kirikiri2/vendor/jxrlib/current/image/sys/perfTimerANSI.c","200","FALSE","arm64","1","0","1"
"advanceMRPtr","/Volumes/E/Projects/kirikiri2_mob/kirikiri2/vendor/jxrlib/current/image/sys/strcodec.c","192","pSC->m_bSecondary == FALSE","arm64","1","0","1"
"detach_SB","/Volumes/E/Projects/kirikiri2_mob/kirikiri2/vendor/jxrlib/current/image/sys/strcodec.c","658","0 == pSB->cBitLeft","arm64","1","0","1"
"allocateBitIOInfo","/Volumes/E/Projects/kirikiri2_mob/kirikiri2/vendor/jxrlib/current/image/sys/strcodec.c","722","pSC->WMISCP.bfBitstreamFormat == SPATIAL && pSC->WMISCP.cNumOfSliceMinus1H + pSC->WMISCP.cNumOfSliceMinus1V == 0","arm64","1","0","1"
"peekBit16","/Volumes/E/Projects/kirikiri2_mob/kirikiri2/vendor/jxrlib/current/image/sys/strcodec.c","915","0 <= (I32)cBits && cBits <= 16","arm64","1","0","1"
"flushBit16","/Volumes/E/Projects/kirikiri2_mob/kirikiri2/vendor/jxrlib/current/image/sys/strcodec.c","920","(pIO->iMask & 1) == 0","arm64","1","0","1"
"flushBit16","/Volumes/E/Projects/kirikiri2_mob/kirikiri2/vendor/jxrlib/current/image/sys/strcodec.c","920","0 <= (I32)cBits && cBits <= 16","arm64","1","0","1"
"getBit32","/Volumes/E/Projects/kirikiri2_mob/kirikiri2/vendor/jxrlib/current/image/sys/strcodec.c","959","0 <= (I32)cBits && cBits <= 32","arm64","1","0","1"
"putBit16z","/Volumes/E/Projects/kirikiri2_mob/kirikiri2/vendor/jxrlib/current/image/sys/strcodec.c","982","cBits <= 16","arm64","1","0","1"
"putBit16z","/Volumes/E/Projects/kirikiri2_mob/kirikiri2/vendor/jxrlib/current/image/sys/strcodec.c","983","0 == uiBits >> cBits","arm64","1","0","1"
"putBit16","/Volumes/E/Projects/kirikiri2_mob/kirikiri2/vendor/jxrlib/current/image/sys/strcodec.c","996","cBits <= 16","arm64","1","0","1"
"putBit32","/Volumes/E/Projects/kirikiri2_mob/kirikiri2/vendor/jxrlib/current/image/sys/strcodec.c","1004","0 <= (I32)cBits && cBits <= 32","arm64","1","0","1"
"attachISRead","/Volumes/E/Projects/kirikiri2_mob/kirikiri2/vendor/jxrlib/current/image/sys/strcodec.c","1074","b","arm64","1","0","1"
"attachISRead","/Volumes/E/Projects/kirikiri2_mob/kirikiri2/vendor/jxrlib/current/image/sys/strcodec.c","1077","b","arm64","1","0","1"
"readIS","/Volumes/E/Projects/kirikiri2_mob/kirikiri2/vendor/jxrlib/current/image/sys/strcodec.c","1100","b","arm64","1","0","1"
"readIS","/Volumes/E/Projects/kirikiri2_mob/kirikiri2/vendor/jxrlib/current/image/sys/strcodec.c","1106","b","arm64","1","0","1"
"detachISRead","/Volumes/E/Projects/kirikiri2_mob/kirikiri2/vendor/jxrlib/current/image/sys/strcodec.c","1128","0 == (pIO->cBitsUsed % 8)","arm64","1","0","1"
"writeIS","/Volumes/E/Projects/kirikiri2_mob/kirikiri2/vendor/jxrlib/current/image/sys/strcodec.c","1166","b","arm64","1","0","1"
"writeIS","/Volumes/E/Projects/kirikiri2_mob/kirikiri2/vendor/jxrlib/current/image/sys/strcodec.c","1168","b","arm64","1","0","1"
"detachISWrite","/Volumes/E/Projects/kirikiri2_mob/kirikiri2/vendor/jxrlib/current/image/sys/strcodec.c","1185","0 == (pIO->cBitsUsed % 8)","arm64","1","0","1"
"detachISWrite","/Volumes/E/Projects/kirikiri2_mob/kirikiri2/vendor/jxrlib/current/image/sys/strcodec.c","1188","b","arm64","1","0","1"
"detachISWrite","/Volumes/E/Projects/kirikiri2_mob/kirikiri2/vendor/jxrlib/current/image/sys/strcodec.c","1190","b","arm64","1","0","1"
"OutputPerfTimerReport","/Volumes/E/Projects/kirikiri2_mob/kirikiri2/vendor/jxrlib/current/image/sys/strcodec.c","1237","pState->m_fMeasurePerf","arm64","1","0","1"
"CalcMetadataSizeLPSTR","/Volumes/E/Projects/kirikiri2_mob/kirikiri2/vendor/jxrlib/current/jxrgluelib/JXRGlueJxr.c","51","DPKVT_LPSTR == var.vt","arm64","1","0","1"
"CalcMetadataSizeLPWSTR","/Volumes/E/Projects/kirikiri2_mob/kirikiri2/vendor/jxrlib/current/jxrgluelib/JXRGlueJxr.c","72","DPKVT_LPWSTR == var.vt","arm64","1","0","1"
"CalcMetadataSizeUI2","/Volumes/E/Projects/kirikiri2_mob/kirikiri2/vendor/jxrlib/current/jxrgluelib/JXRGlueJxr.c","92","DPKVT_UI2 == var.vt","arm64","1","0","1"
"CalcMetadataSizeUI4","/Volumes/E/Projects/kirikiri2_mob/kirikiri2/vendor/jxrlib/current/jxrgluelib/JXRGlueJxr.c","106","DPKVT_UI4 == var.vt","arm64","1","0","1"
"CopyDescMetadata","/Volumes/E/Projects/kirikiri2_mob/kirikiri2/vendor/jxrlib/current/jxrgluelib/JXRGlueJxr.c","170","FALSE","arm64","1","0","1"
"CopyDescMetadata","/Volumes/E/Projects/kirikiri2_mob/kirikiri2/vendor/jxrlib/current/jxrgluelib/JXRGlueJxr.c","177","DPKVT_EMPTY == pvarDst->vt","arm64","1","0","1"
"FreeDescMetadata","/Volumes/E/Projects/kirikiri2_mob/kirikiri2/vendor/jxrlib/current/jxrgluelib/JXRGlueJxr.c","199","FALSE","arm64","1","0","1"
"WriteDescMetadata","/Volumes/E/Projects/kirikiri2_mob/kirikiri2/vendor/jxrlib/current/jxrgluelib/JXRGlueJxr.c","228","*puiCurrDescMetadataOffset <= pDEMisc->uDescMetadataByteCount","arm64","1","0","1"
"WriteDescMetadata","/Volumes/E/Projects/kirikiri2_mob/kirikiri2/vendor/jxrlib/current/jxrgluelib/JXRGlueJxr.c","264","FALSE","arm64","1","0","1"
"WriteDescMetadata","/Volumes/E/Projects/kirikiri2_mob/kirikiri2/vendor/jxrlib/current/jxrgluelib/JXRGlueJxr.c","272","*puiCurrDescMetadataOffset <= pDEMisc->uDescMetadataByteCount","arm64","1","0","1"
"WriteContainerPre","/Volumes/E/Projects/kirikiri2_mob/kirikiri2/vendor/jxrlib/current/jxrgluelib/JXRGlueJxr.c","379","offPos <= OFFSET_OF_PFD","arm64","1","0","1"
"WriteContainerPre","/Volumes/E/Projects/kirikiri2_mob/kirikiri2/vendor/jxrlib/current/jxrgluelib/JXRGlueJxr.c","678","0 == (offPos & 1)","arm64","1","0","1"
"WriteContainerPre","/Volumes/E/Projects/kirikiri2_mob/kirikiri2/vendor/jxrlib/current/jxrgluelib/JXRGlueJxr.c","690","pDEMisc->uColorProfileOffset == offPos || pDEMisc->uDescMetadataOffset == offPos || pDEMisc->uXMPMetadataOffset == offPos || pDEMisc->uIPTCNAAMetadataOffset == offPos || pDEMisc->uPhotoshopMetadataOffset == offPos || pDEMisc->uEXIFMetadataOffset == offPos || pDEMisc->uGPSInfoMetadataOffset == offPos","arm64","1","0","1"
"WriteContainerPre","/Volumes/E/Projects/kirikiri2_mob/kirikiri2/vendor/jxrlib/current/jxrgluelib/JXRGlueJxr.c","696","pDEMisc->uImageOffset == offPos","arm64","1","0","1"
"SetMetadata","/Volumes/E/Projects/kirikiri2_mob/kirikiri2/vendor/jxrlib/current/jxrgluelib/JXRGlueJxr.c","1023","FALSE","arm64","1","0","1"
"PKImageEncode_SetDescriptiveMetadata_WMP","/Volumes/E/Projects/kirikiri2_mob/kirikiri2/vendor/jxrlib/current/jxrgluelib/JXRGlueJxr.c","1156","FALSE","arm64","1","0","1"
"PKImageEncode_WritePixels_WMP","/Volumes/E/Projects/kirikiri2_mob/kirikiri2/vendor/jxrlib/current/jxrgluelib/JXRGlueJxr.c","1193","BANDEDENCSTATE_UNINITIALIZED == pIE->WMP.eBandedEncState","arm64","1","0","1"
"PKImageEncode_WritePixelsBandedBegin_WMP","/Volumes/E/Projects/kirikiri2_mob/kirikiri2/vendor/jxrlib/current/jxrgluelib/JXRGlueJxr.c","1229","BANDEDENCSTATE_UNINITIALIZED == pIE->WMP.eBandedEncState","arm64","1","0","1"
"PKImageEncode_WritePixelsBanded_WMP","/Volumes/E/Projects/kirikiri2_mob/kirikiri2/vendor/jxrlib/current/jxrgluelib/JXRGlueJxr.c","1267","fPI","arm64","1","0","1"
"PKImageEncode_WritePixelsBanded_WMP","/Volumes/E/Projects/kirikiri2_mob/kirikiri2/vendor/jxrlib/current/jxrgluelib/JXRGlueJxr.c","1279","fPI","arm64","1","0","1"
"PKImageEncode_WritePixelsBanded_WMP","/Volumes/E/Projects/kirikiri2_mob/kirikiri2/vendor/jxrlib/current/jxrgluelib/JXRGlueJxr.c","1294","0 == offStart","arm64","1","0","1"
"PKImageEncode_WritePixelsBanded_WMP","/Volumes/E/Projects/kirikiri2_mob/kirikiri2/vendor/jxrlib/current/jxrgluelib/JXRGlueJxr.c","1295","pIE->WMP.wmiSCP_Alpha.pWStream == pIE->WMP.wmiSCP.pWStream","arm64","1","0","1"
"PKImageEncode_WritePixelsBandedEnd_WMP","/Volumes/E/Projects/kirikiri2_mob/kirikiri2/vendor/jxrlib/current/jxrgluelib/JXRGlueJxr.c","1315","BANDEDENCSTATE_ENCODING == pIE->WMP.eBandedEncState","arm64","1","0","1"
"PKImageEncode_WritePixelsBandedEnd_WMP","/Volumes/E/Projects/kirikiri2_mob/kirikiri2/vendor/jxrlib/current/jxrgluelib/JXRGlueJxr.c","1328","pAlphaStream != pMainStream","arm64","1","0","1"
"PKImageEncode_WritePixelsBandedEnd_WMP","/Volumes/E/Projects/kirikiri2_mob/kirikiri2/vendor/jxrlib/current/jxrgluelib/JXRGlueJxr.c","1350","cbBytesCopied == cbAlpha","arm64","1","0","1"
"PKImageEncode_Transcode_WMP","/Volumes/E/Projects/kirikiri2_mob/kirikiri2/vendor/jxrlib/current/jxrgluelib/JXRGlueJxr.c","1404","pParam->uAlphaMode <= 3","arm64","1","0","1"
"PKImageEncode_Transcode_WMP","/Volumes/E/Projects/kirikiri2_mob/kirikiri2/vendor/jxrlib/current/jxrgluelib/JXRGlueJxr.c","1427","pID->WMP.wmiDEMisc.uAlphaOffset > 0","arm64","1","0","1"
"ParsePFDEntry","/Volumes/E/Projects/kirikiri2_mob/kirikiri2/vendor/jxrlib/current/jxrgluelib/JXRGlueJxr.c","1577","uValue < O_MAX","arm64","1","0","1"
"ParsePFDEntry","/Volumes/E/Projects/kirikiri2_mob/kirikiri2/vendor/jxrlib/current/jxrgluelib/JXRGlueJxr.c","1662","DPKVT_LPSTR == pID->WMP.sDescMetadata.pvarImageDescription.vt","arm64","1","0","1"
"ParsePFDEntry","/Volumes/E/Projects/kirikiri2_mob/kirikiri2/vendor/jxrlib/current/jxrgluelib/JXRGlueJxr.c","1668","DPKVT_LPSTR == pID->WMP.sDescMetadata.pvarCameraMake.vt","arm64","1","0","1"
"ParsePFDEntry","/Volumes/E/Projects/kirikiri2_mob/kirikiri2/vendor/jxrlib/current/jxrgluelib/JXRGlueJxr.c","1674","DPKVT_LPSTR == pID->WMP.sDescMetadata.pvarCameraModel.vt","arm64","1","0","1"
"ParsePFDEntry","/Volumes/E/Projects/kirikiri2_mob/kirikiri2/vendor/jxrlib/current/jxrgluelib/JXRGlueJxr.c","1680","DPKVT_LPSTR == pID->WMP.sDescMetadata.pvarSoftware.vt","arm64","1","0","1"
"ParsePFDEntry","/Volumes/E/Projects/kirikiri2_mob/kirikiri2/vendor/jxrlib/current/jxrgluelib/JXRGlueJxr.c","1686","DPKVT_LPSTR == pID->WMP.sDescMetadata.pvarDateTime.vt","arm64","1","0","1"
"ParsePFDEntry","/Volumes/E/Projects/kirikiri2_mob/kirikiri2/vendor/jxrlib/current/jxrgluelib/JXRGlueJxr.c","1692","DPKVT_LPSTR == pID->WMP.sDescMetadata.pvarArtist.vt","arm64","1","0","1"
"ParsePFDEntry","/Volumes/E/Projects/kirikiri2_mob/kirikiri2/vendor/jxrlib/current/jxrgluelib/JXRGlueJxr.c","1698","DPKVT_LPSTR == pID->WMP.sDescMetadata.pvarCopyright.vt","arm64","1","0","1"
"ParsePFDEntry","/Volumes/E/Projects/kirikiri2_mob/kirikiri2/vendor/jxrlib/current/jxrgluelib/JXRGlueJxr.c","1704","DPKVT_UI2 == pID->WMP.sDescMetadata.pvarRatingStars.vt","arm64","1","0","1"
"ParsePFDEntry","/Volumes/E/Projects/kirikiri2_mob/kirikiri2/vendor/jxrlib/current/jxrgluelib/JXRGlueJxr.c","1710","DPKVT_UI2 == pID->WMP.sDescMetadata.pvarRatingValue.vt","arm64","1","0","1"
"ParsePFDEntry","/Volumes/E/Projects/kirikiri2_mob/kirikiri2/vendor/jxrlib/current/jxrgluelib/JXRGlueJxr.c","1716","(DPKVT_BYREF | DPKVT_UI1) == pID->WMP.sDescMetadata.pvarCaption.vt","arm64","1","0","1"
"ParsePFDEntry","/Volumes/E/Projects/kirikiri2_mob/kirikiri2/vendor/jxrlib/current/jxrgluelib/JXRGlueJxr.c","1721","0 == pID->WMP.sDescMetadata.pvarCaption.VT.pwszVal[uCount/sizeof(U16) - 1]","arm64","1","0","1"
"ParsePFDEntry","/Volumes/E/Projects/kirikiri2_mob/kirikiri2/vendor/jxrlib/current/jxrgluelib/JXRGlueJxr.c","1730","DPKVT_LPSTR == pID->WMP.sDescMetadata.pvarDocumentName.vt","arm64","1","0","1"
"ParsePFDEntry","/Volumes/E/Projects/kirikiri2_mob/kirikiri2/vendor/jxrlib/current/jxrgluelib/JXRGlueJxr.c","1736","DPKVT_LPSTR == pID->WMP.sDescMetadata.pvarPageName.vt","arm64","1","0","1"
"ParsePFDEntry","/Volumes/E/Projects/kirikiri2_mob/kirikiri2/vendor/jxrlib/current/jxrgluelib/JXRGlueJxr.c","1742","DPKVT_UI4 == pID->WMP.sDescMetadata.pvarPageNumber.vt","arm64","1","0","1"
"ParsePFDEntry","/Volumes/E/Projects/kirikiri2_mob/kirikiri2/vendor/jxrlib/current/jxrgluelib/JXRGlueJxr.c","1748","DPKVT_LPSTR == pID->WMP.sDescMetadata.pvarHostComputer.vt","arm64","1","0","1"
"PKImageDecode_Initialize_WMP","/Volumes/E/Projects/kirikiri2_mob/kirikiri2/vendor/jxrlib/current/jxrgluelib/JXRGlueJxr.c","1861","Y_ONLY <= pID->WMP.wmiSCP.cfColorFormat && pID->WMP.wmiSCP.cfColorFormat < CFT_MAX","arm64","1","0","1"
"PKImageDecode_Initialize_WMP","/Volumes/E/Projects/kirikiri2_mob/kirikiri2/vendor/jxrlib/current/jxrgluelib/JXRGlueJxr.c","1862","BD_SHORT == pID->WMP.wmiSCP.bdBitDepth || BD_LONG == pID->WMP.wmiSCP.bdBitDepth","arm64","1","0","1"
"ReadPropvar","/Volumes/E/Projects/kirikiri2_mob/kirikiri2/vendor/jxrlib/current/jxrgluelib/JXRMeta.c","724","0 == pvar->VT.pszVal[uCount - 1]","arm64","1","0","1"
"ReadPropvar","/Volumes/E/Projects/kirikiri2_mob/kirikiri2/vendor/jxrlib/current/jxrgluelib/JXRMeta.c","751","FALSE","arm64","1","0","1"
"ReadPropvar","/Volumes/E/Projects/kirikiri2_mob/kirikiri2/vendor/jxrlib/current/jxrgluelib/JXRMeta.c","757","FALSE","arm64","1","0","1"
"WriteWmpDE","/Volumes/E/Projects/kirikiri2_mob/kirikiri2/vendor/jxrlib/current/jxrgluelib/JXRMeta.c","777","-1 != pDE->uCount","arm64","1","0","1"
"WriteWmpDE","/Volumes/E/Projects/kirikiri2_mob/kirikiri2/vendor/jxrlib/current/jxrgluelib/JXRMeta.c","778","-1 != pDE->uValueOrOffset","arm64","1","0","1"
"WriteWmpDE","/Volumes/E/Projects/kirikiri2_mob/kirikiri2/vendor/jxrlib/current/jxrgluelib/JXRMeta.c","782","pbData","arm64","1","0","1"
"WriteWmpDE","/Volumes/E/Projects/kirikiri2_mob/kirikiri2/vendor/jxrlib/current/jxrgluelib/JXRMeta.c","836","FALSE","arm64","1","0","1"
"WriteWmpDE","/Volumes/E/Projects/kirikiri2_mob/kirikiri2/vendor/jxrlib/current/jxrgluelib/JXRMeta.c","845","FALSE","arm64","1","0","1"
"WriteWmpDE","/Volumes/E/Projects/kirikiri2_mob/kirikiri2/vendor/jxrlib/current/jxrgluelib/JXRMeta.c","876","FALSE","arm64","1","0","1"
"WriteWmpDE","/Volumes/E/Projects/kirikiri2_mob/kirikiri2/vendor/jxrlib/current/jxrgluelib/JXRMeta.c","896","FALSE","arm64","1","0","1"
"ready_residue","src/libavcodec/vorbisenc.c","216","cb->ndimensions >= 2","arm64","1","0","1"
"ready_residue","src/libavcodec/vorbisenc.c","217","cb->lookup","arm64","1","0","1"
"floor_encode","src/libavcodec/vorbisenc.c","826","l != csub","arm64","1","0","1"
"put_vector","src/libavcodec/vorbisenc.c","857","book->dimensions","arm64","1","0","1"
"residue_encode","src/libavcodec/vorbisenc.c","924","rc->type == 0 || rc->type == 2","arm64","1","0","1"
"residue_encode","src/libavcodec/vorbisenc.c","925","!(psize % book->ndimensions)","arm64","1","0","1"
"asf_parse_packet","src/libavformat/asfdec_f.c","1220","ret >= 0","arm64","1","0","1"
"asf_parse_packet","src/libavformat/asfdec_f.c","1408","offset + asf_st->ds_chunk_size <= asf_st->pkt.size","arm64","1","0","1"
"asf_parse_packet","src/libavformat/asfdec_f.c","1409","idx + 1 <= asf_st->pkt.size / asf_st->ds_chunk_size","arm64","1","0","1"
"asf_read_packet","src/libavformat/asfdec_f.c","1446","asf->packet_size_left < FRAME_HEADER_SIZE || asf->packet_segments < 1","arm64","1","0","1"
