"binary","architecture","caller_function","caller_address","callsite","func","file","line","expression"
"Kirikiroid2_1.3.9_iOS_arm64","arm64","sub_100047D0C","0x100047d0c","0x100047d74","Release","/Volumes/E/Projects/kirikiri2_mob/kirikiri2/src/core/movie/ffmpeg/Ref.h","25","count >= 0"
"Kirikiroid2_1.3.9_iOS_arm64","arm64","sub_1000D0D9C","0x1000d0d9c","0x1000d0f70","NotifyBitmapCompleted","/Volumes/E/Projects/kirikiri2_mob/kirikiri2/src/core/visual/BitmapLayerTreeOwner.cpp","63","BitmapNI"
"Kirikiroid2_1.3.9_iOS_arm64","arm64","sub_1000EB9D0","0x1000eb9d0","0x1000ebc70","CreateVariant","/Volumes/E/Projects/kirikiri2_ionb/kirikiri2/src/plugins/PSBFile.cpp","400","result->AsObjectNoAddRef()"
"Kirikiroid2_1.3.9_iOS_arm64","arm64","sub_1000EC980","0x1000ec980","0x1000ecafc","PropGetByNum","/Volumes/E/Projects/kirikiri2_onb/kirikiri2/src/plugins/PSBFile.cpp","613","result->AsObjectNoAddRef()"
"Kirikiroid2_1.3.9_iOS_arm64","arm64","sub_1000ECB10","0x1000ecb10","0x1000eccb0","PropGet","/Volumes/E/Projects/kirikiri2_mob/kirikiri2/src/plugins/PSBFile.cpp","632","result->AsObjectNoAddRef()"
"Kirikiroid2_1.3.9_iOS_arm64","arm64","sub_1000EFF74","0x1000eff74","0x1000f0064","ripted160_process","/Volumes/E/Projects/kirikiri2_mob/kirikiri2/src/plugins/ripemd160.c","280","p != NULL && length >= 0"
"Kirikiroid2_1.3.9_iOS_arm64","arm64","sub_1000EFF74","0x1000eff74","0x1000f0084","ripemd160_process","/Volumes/E/Projects/kirikiri2_mob/kirikiri2/src/plugins/ripemd160.c","283","self->bufpos < 64"
"Kirikiroid2_1.3.9_iOS_arm64","arm64","sub_1000F0088","0x1000f0088","0x1000f05ec","ripemd160_compress","/Volumes/E/Projects/kirikiri2_mob/kirikiri2/src/plugins/ripemd160.c","192","self->bufpos == 64"
"Kirikiroid2_1.3.9_iOS_arm64","arm64","sub_1001CAFA4","0x1001cafa4","0x1001cb054","xp3Access","/Volumes/E/Projects/kirikiri2_mob/kirikiri2/src/plugins/sqlite3/xp3_vfs.cpp","293","!""Invalid flags argument"""
"Kirikiroid2_1.3.9_iOS_arm64","arm64","sub_1001D11B4","0x1001d11b4","0x1001d1234","build_codes","/Volumes/E/Projects/kirikiri2_mob/kirikiri2/src/plugins/AlphaMovie.cpp","306","nb + k <= 256"
"Kirikiroid2_1.3.9_iOS_arm64","arm64","sub_1001D3130","0x1001d3130","0x1001d3240","DecodeFirstValue","/Volumes/E/Projects/kirikiri2_mob/kirikiri2/src/plugins/AlphaMovie.cpp","460","s > 0"
"Kirikiroid2_1.3.9_iOS_arm64","arm64","sub_1001D3244","0x1001d3244","0x1001d33b8","DecodeAC","/Volumes/E/Projects/kirikiri2_mob/kirikiri2/src/plugins/AlphaMovie.cpp","397","s > 0"
"Kirikiroid2_1.3.9_iOS_arm64","arm64","sub_1001D3438","0x1001d3438","0x1001d34e0","Decode1","/Volumes/E/Projects/kirikiri2_mob/kirikiri2/src/plugins/AlphaMovie.cpp","433","l <= 16"
"Kirikiroid2_1.3.9_iOS_arm64","arm64","sub_100220B6C","0x100220b6c","0x100220d14","tTVPSoundBufferAL","/Volumes/E/Projects/kirikiri2_mob/kirikiri2/src/core/sound/win32/WaveMixer.cpp","495","false"
"Kirikiroid2_1.3.9_iOS_arm64","arm64","sub_100220B6C","0x100220b6c","0x100220d34","tTVPSoundBufferAL","/Volumes/E/Projects/kirikiri2_mob/kirikiri2/src/core/sound/win32/WaveMixer.cpp","481","false"
"Kirikiroid2_1.3.9_iOS_arm64","arm64","sub_100220B6C","0x100220b6c","0x100220d54","tTVPSoundBufferAL","/Volumes/E/Projects/kirikiri2_mob/kirikiri2/src/core/sound/win32/WaveMixer.cpp","492","false"
"Kirikiroid2_1.3.9_iOS_arm64","arm64","sub_10024EDAC","0x10024edac","0x10024eec4","round_int","/Volumes/E/Projects/kirikiri2_mob/kirikiri2/src/core/movie/ffmpeg/MathUtils.h","46","x > static_cast<double>((int) (INT_MIN / 2)) - 1.0"
"Kirikiroid2_1.3.9_iOS_arm64","arm64","sub_10024EDAC","0x10024edac","0x10024eee4","round_int","/Volumes/E/Projects/kirikiri2_mob/kirikiri2/src/core/movie/ffmpeg/MathUtils.h","47","x < static_cast<double>((int) (INT_MAX / 2)) + 1.0"
"Kirikiroid2_1.3.9_iOS_arm64","arm64","sub_10024EFEC","0x10024efec","0x10024f080","round_int","/Volumes/E/Projects/kirikiri2_mob/kirikiri2/src/core/movie/ffmpeg/MathUtils.h","46","x > static_cast<double>((int) (INT_MIN / 2)) - 1.0"
"Kirikiroid2_1.3.9_iOS_arm64","arm64","sub_10024EFEC","0x10024efec","0x10024f0a0","round_int","/Volumes/E/Projects/kirikiri2_mob/kirikiri2/src/core/movie/ffmpeg/MathUtils.h","47","x < static_cast<double>((int) (INT_MAX / 2)) + 1.0"
"Kirikiroid2_1.3.9_iOS_arm64","arm64","sub_100262138","0x100262138","0x1002622c8","InitResample","/Volumes/E/Projects/kirikiri2_mob/kirikiri2/src/core/movie/ffmpeg/AEFactory.cpp","90","swr_ctx && result >= 0"
"Kirikiroid2_1.3.9_iOS_arm64","arm64","sub_100297178","0x100297178","0x10029789c","EncodeRgb4Bpp","/Volumes/E/Projects/kirikiri2_mob/kirikiri2/src/core/visual/ogl/pvrtc.cpp","749","bitmap.GetBitmapWidth() == bitmap.GetBitmapHeight()"
"Kirikiroid2_1.3.9_iOS_arm64","arm64","sub_100297178","0x100297178","0x1002978bc","EncodeRgb4Bpp","/Volumes/E/Projects/kirikiri2_mob/kirikiri2/src/core/visual/ogl/pvrtc.cpp","750","BitUtility::IsPowerOf2(bitmap.GetBitmapWidth())"
"Kirikiroid2_1.3.9_iOS_arm64","arm64","sub_1002978C0","0x1002978c0","0x100297ff8","EncodeRgba4Bpp","/Volumes/E/Projects/kirikiri2_mob/kirikiri2/src/core/visual/ogl/pvrtc.cpp","865","bitmap.GetBitmapWidth() == bitmap.GetBitmapHeight()"
"Kirikiroid2_1.3.9_iOS_arm64","arm64","sub_1002978C0","0x1002978c0","0x100298018","EncodeRgba4Bpp","/Volumes/E/Projects/kirikiri2_mob/kirikiri2/src/core/visual/ogl/pvrtc.cpp","866","BitUtility::IsPowerOf2(bitmap.GetBitmapWidth())"
"Kirikiroid2_1.3.9_iOS_arm64","arm64","sub_1002B3E2C","0x1002b3e2c","0x1002b3e94","Release","/Volumes/E/Projects/kirikiri2_mob/kirikiri2/src/core/movie/ffmpeg/Ref.h","25","count >= 0"
"Kirikiroid2_1.3.9_iOS_arm64","arm64","sub_1002E3EC0","0x1002e3ec0","0x1002e3ee4","AsTarget","/Volumes/E/Projects/kirikiri2_mob/kirikiri2/src/core/visual/ogl/RenderManager_ogl.cpp","969","false"
"Kirikiroid2_1.3.9_iOS_arm64","arm64","sub_1002EC71C","0x1002ec71c","0x1002ec740","SetSize","/Volumes/E/Projects/kirikiri2_mob/kirikiri2/src/core/visual/ogl/RenderManager_ogl.cpp","1461","false"
"Kirikiroid2_1.3.9_iOS_arm64","arm64","sub_1002EC744","0x1002ec744","0x1002ec768","GetScanLineForWrite","/Volumes/E/Projects/kirikiri2_mob/kirikiri2/src/core/visual/ogl/RenderManager_ogl.cpp","1446","false"
"Kirikiroid2_1.3.9_iOS_arm64","arm64","sub_1002EC8E4","0x1002ec8e4","0x1002ec97c","tTVPOGLTexture2D_mutatble","/Volumes/E/Projects/kirikiri2_mob/kirikiri2/src/core/visual/ogl/RenderManager_ogl.cpp","1483","sw == 1.f && sh == 1.f"
"Kirikiroid2_1.3.9_iOS_arm64","arm64","sub_1002F0A48","0x1002f0a48","0x1002f0d08","UpdateTextureData","/Volumes/E/Projects/kirikiri2_mob/kirikiri2/src/core/visual/ogl/RenderManager_ogl.cpp","1148","texinfo.Width <= GetMaxTextureWidth()"
"Kirikiroid2_1.3.9_iOS_arm64","arm64","sub_1002F9CB8","0x1002f9cb8","0x1002fa424","getGlyphOutline","/Volumes/E/Projects/kirikiri2_mob/kirikiri2/src/plugins/LayerExDraw.cpp","2156","false"
"Kirikiroid2_1.3.9_iOS_arm64","arm64","sub_1002F9CB8","0x1002f9cb8","0x1002fa444","getGlyphOutline","/Volumes/E/Projects/kirikiri2_mob/kirikiri2/src/plugins/LayerExDraw.cpp","2144","FT_CURVE_TAG(*tags) == FT_CURVE_TAG_CUBIC"
"Kirikiroid2_1.3.9_iOS_arm64","arm64","sub_1002F9CB8","0x1002f9cb8","0x1002fa464","getGlyphOutline","/Volumes/E/Projects/kirikiri2_mob/kirikiri2/src/plugins/LayerExDraw.cpp","2150","FT_CURVE_TAG(*tags) == FT_CURVE_TAG_ON"
"Kirikiroid2_1.3.9_iOS_arm64","arm64","sub_1002F9CB8","0x1002f9cb8","0x1002fa484","getGlyphOutline","/Volumes/E/Projects/kirikiri2_mob/kirikiri2/src/plugins/LayerExDraw.cpp","2147","FT_CURVE_TAG(*tags) == FT_CURVE_TAG_CUBIC"
"Kirikiroid2_1.3.9_iOS_arm64","arm64","sub_1002F9CB8","0x1002f9cb8","0x1002fa4a4","getGlyphOutline","/Volumes/E/Projects/kirikiri2_mob/kirikiri2/src/plugins/LayerExDraw.cpp","2141","header + 2 <= last"
"Kirikiroid2_1.3.9_iOS_arm64","arm64","sub_1002F9CB8","0x1002f9cb8","0x1002fa4c4","getGlyphOutline","/Volumes/E/Projects/kirikiri2_mob/kirikiri2/src/plugins/LayerExDraw.cpp","2084","FT_CURVE_TAG(*tags) == FT_CURVE_TAG_ON || FT_CURVE_TAG(*tags) == FT_CURVE_TAG_CONIC"
"Kirikiroid2_1.3.9_iOS_arm64","arm64","sub_100323154","0x100323154","0x1003232bc","round_int","/Volumes/E/Projects/kirikiri2_mob/kirikiri2/src/core/movie/ffmpeg/MathUtils.h","46","x > static_cast<double>((int) (INT_MIN / 2)) - 1.0"
"Kirikiroid2_1.3.9_iOS_arm64","arm64","sub_100323154","0x100323154","0x1003232dc","round_int","/Volumes/E/Projects/kirikiri2_mob/kirikiri2/src/core/movie/ffmpeg/MathUtils.h","47","x < static_cast<double>((int) (INT_MAX / 2)) + 1.0"
"Kirikiroid2_1.3.9_iOS_arm64","arm64","sub_100323154","0x100323154","0x1003232fc","round_int","/Volumes/E/Projects/kirikiri2_mob/kirikiri2/src/core/movie/ffmpeg/MathUtils.h","46","x > static_cast<double>((int) (INT_MIN / 2)) - 1.0"
"Kirikiroid2_1.3.9_iOS_arm64","arm64","sub_100323154","0x100323154","0x10032331c","round_int","/Volumes/E/Projects/kirikiri2_mob/kirikiri2/src/core/movie/ffmpeg/MathUtils.h","47","x < static_cast<double>((int) (INT_MAX / 2)) + 1.0"
"Kirikiroid2_1.3.9_iOS_arm64","arm64","sub_100323154","0x100323154","0x10032333c","round_int","/Volumes/E/Projects/kirikiri2_mob/kirikiri2/src/core/movie/ffmpeg/MathUtils.h","46","x > static_cast<double>((int) (INT_MIN / 2)) - 1.0"
"Kirikiroid2_1.3.9_iOS_arm64","arm64","sub_100323154","0x100323154","0x10032335c","round_int","/Volumes/E/Projects/kirikiri2_mob/kirikiri2/src/core/movie/ffmpeg/MathUtils.h","47","x < static_cast<double>((int) (INT_MAX / 2)) + 1.0"
"Kirikiroid2_1.3.9_iOS_arm64","arm64","sub_100323820","0x100323820","0x100323930","RegisterRenderMethod","/Volumes/E/Projects/kirikiri2_mob/kirikiri2/src/core/visual/RenderManager.cpp","2375","method && AllMethods.find(hash) == AllMethods.end()"
"Kirikiroid2_1.3.9_iOS_arm64","arm64","sub_100323B40","0x100323b40","0x100323bf0","CompileRenderMethod","/Volumes/E/Projects/kirikiri2_mob/kirikiri2/src/core/visual/RenderManager.cpp","2382","it == AllMethods.end()"
"Kirikiroid2_1.3.9_iOS_arm64","arm64","sub_100327740","0x100327740","0x10032846c","OperateTriangles","/Volumes/E/Projects/kirikiri2_mob/kirikiri2/src/core/visual/RenderManager.cpp","3136","textures.size() == 1"
"Kirikiroid2_1.3.9_iOS_arm64","arm64","sub_1003287E0","0x1003287e0","0x100329020","OperatePerspective","/Volumes/E/Projects/kirikiri2_mob/kirikiri2/src/core/visual/RenderManager.cpp","4283","textures.size() == 1"
"Kirikiroid2_1.3.9_iOS_arm64","arm64","sub_100329280","0x100329280","0x1003293e4","Update","/Volumes/E/Projects/kirikiri2_mob/kirikiri2/src/core/visual/RenderManager.cpp","869","rc.left == 0"
"Kirikiroid2_1.3.9_iOS_arm64","arm64","sub_1003295B4","0x1003295b4","0x100329608","Update","/Volumes/E/Projects/kirikiri2_mob/kirikiri2/src/core/visual/RenderManager.cpp","337","rc.left == 0 && rc.top == 0 && Format == format"
"Kirikiroid2_1.3.9_iOS_arm64","arm64","sub_100329658","0x100329658","0x10032967c","SetPoint","/Volumes/E/Projects/kirikiri2_mob/kirikiri2/src/core/visual/RenderManager.cpp","347","false"
"Kirikiroid2_1.3.9_iOS_arm64","arm64","sub_10032A088","0x10032a088","0x10032a0ac","GetScanLineForWrite","/Volumes/E/Projects/kirikiri2_mob/kirikiri2/src/core/visual/RenderManager.cpp","449","0"
"Kirikiroid2_1.3.9_iOS_arm64","arm64","sub_10032A0B0","0x10032a0b0","0x10032a0d4","Update","/Volumes/E/Projects/kirikiri2_mob/kirikiri2/src/core/visual/RenderManager.cpp","454","0"
"Kirikiroid2_1.3.9_iOS_arm64","arm64","sub_10032AEB8","0x10032aeb8","0x10032af48","DecompressLineData","/Volumes/E/Projects/kirikiri2_mob/kirikiri2/src/core/visual/RenderManager.cpp","629","n == blk.Length"
"Kirikiroid2_1.3.9_iOS_arm64","arm64","sub_10032B3E0","0x10032b3e0","0x10032b630","DecompressLineData","/Volumes/E/Projects/kirikiri2_mob/kirikiri2/src/core/visual/RenderManager.cpp","745","n == blk.Length"
"Kirikiroid2_1.3.9_iOS_arm64","arm64","sub_10032BF74","0x10032bf74","0x10032c164","DoRender","/Volumes/E/Projects/kirikiri2_mob/kirikiri2/src/core/visual/RenderManager.cpp","953","_tar == _dst && rctar == rcdst"
"Kirikiroid2_1.3.9_iOS_arm64","arm64","sub_10032BF74","0x10032bf74","0x10032c184","DoRender","/Volumes/E/Projects/kirikiri2_mob/kirikiri2/src/core/visual/RenderManager.cpp","955","h == rcdst.get_height() && w == rcdst.get_width()"
"Kirikiroid2_1.3.9_iOS_arm64","arm64","sub_10032C224","0x10032c224","0x10032c414","DoRender","/Volumes/E/Projects/kirikiri2_mob/kirikiri2/src/core/visual/RenderManager.cpp","953","_tar == _dst && rctar == rcdst"
"Kirikiroid2_1.3.9_iOS_arm64","arm64","sub_10032C224","0x10032c224","0x10032c434","DoRender","/Volumes/E/Projects/kirikiri2_mob/kirikiri2/src/core/visual/RenderManager.cpp","955","h == rcdst.get_height() && w == rcdst.get_width()"
"Kirikiroid2_1.3.9_iOS_arm64","arm64","sub_10032C4D4","0x10032c4d4","0x10032c6c4","DoRender","/Volumes/E/Projects/kirikiri2_mob/kirikiri2/src/core/visual/RenderManager.cpp","953","_tar == _dst && rctar == rcdst"
"Kirikiroid2_1.3.9_iOS_arm64","arm64","sub_10032C4D4","0x10032c4d4","0x10032c6e4","DoRender","/Volumes/E/Projects/kirikiri2_mob/kirikiri2/src/core/visual/RenderManager.cpp","955","h == rcdst.get_height() && w == rcdst.get_width()"
"Kirikiroid2_1.3.9_iOS_arm64","arm64","sub_10032C75C","0x10032c75c","0x10032c948","DoRender","/Volumes/E/Projects/kirikiri2_mob/kirikiri2/src/core/visual/RenderManager.cpp","987","_tar == _dst && rctar == rcdst"
"Kirikiroid2_1.3.9_iOS_arm64","arm64","sub_10032C75C","0x10032c75c","0x10032c968","DoRender","/Volumes/E/Projects/kirikiri2_mob/kirikiri2/src/core/visual/RenderManager.cpp","989","h == rcdst.get_height() && w == rcdst.get_width()"
"Kirikiroid2_1.3.9_iOS_arm64","arm64","sub_10032DFFC","0x10032dffc","0x10032e178","DoRender","/Volumes/E/Projects/kirikiri2_mob/kirikiri2/src/core/visual/RenderManager.cpp","1341","rcsrc.get_width() == -w && rcsrc.get_height() == h"
"Kirikiroid2_1.3.9_iOS_arm64","arm64","sub_10032DFFC","0x10032dffc","0x10032e470","DoRender","/Volumes/E/Projects/kirikiri2_mob/kirikiri2/src/core/visual/RenderManager.cpp","1315","rcsrc.get_width() == w && rcsrc.get_height() == -h"
"Kirikiroid2_1.3.9_iOS_arm64","arm64","sub_10032DFFC","0x10032dffc","0x10032e494","DoRender","/Volumes/E/Projects/kirikiri2_mob/kirikiri2/src/core/visual/RenderManager.cpp","1377","w == rctar.get_width() && h == rctar.get_height()"
"Kirikiroid2_1.3.9_iOS_arm64","arm64","sub_10032E714","0x10032e714","0x10032e8b0","DoRender","/Volumes/E/Projects/kirikiri2_mob/kirikiri2/src/core/visual/RenderManager.cpp","1246","w == rctar.get_width() && h == rctar.get_height()"
"Kirikiroid2_1.3.9_iOS_arm64","arm64","sub_10032EB50","0x10032eb50","0x10032ecec","DoRender","/Volumes/E/Projects/kirikiri2_mob/kirikiri2/src/core/visual/RenderManager.cpp","1246","w == rctar.get_width() && h == rctar.get_height()"
"Kirikiroid2_1.3.9_iOS_arm64","arm64","sub_10032EF8C","0x10032ef8c","0x10032f11c","DoRender","/Volumes/E/Projects/kirikiri2_mob/kirikiri2/src/core/visual/RenderManager.cpp","1473","_tar == _dst && rctar == rcdst"
"Kirikiroid2_1.3.9_iOS_arm64","arm64","sub_10032EF8C","0x10032ef8c","0x10032f13c","DoRender","/Volumes/E/Projects/kirikiri2_mob/kirikiri2/src/core/visual/RenderManager.cpp","1474","w == rctar.get_width() && h == rctar.get_height()"
"Kirikiroid2_1.3.9_iOS_arm64","arm64","sub_10032F77C","0x10032f77c","0x10032f884","DoRender","/Volumes/E/Projects/kirikiri2_mob/kirikiri2/src/core/visual/RenderManager.cpp","1778","rctar.get_width() == w && rctar.get_height() == h"
"Kirikiroid2_1.3.9_iOS_arm64","arm64","sub_10032F90C","0x10032f90c","0x10032fa14","DoRender","/Volumes/E/Projects/kirikiri2_mob/kirikiri2/src/core/visual/RenderManager.cpp","1778","rctar.get_width() == w && rctar.get_height() == h"
"Kirikiroid2_1.3.9_iOS_arm64","arm64","sub_10032FAA0","0x10032faa0","0x10032fc40","DoRender","/Volumes/E/Projects/kirikiri2_mob/kirikiri2/src/core/visual/RenderManager.cpp","1530","w == rcdst.get_width() && h == rcdst.get_height()"
"Kirikiroid2_1.3.9_iOS_arm64","arm64","sub_10032FAA0","0x10032faa0","0x10032fc60","DoRender","/Volumes/E/Projects/kirikiri2_mob/kirikiri2/src/core/visual/RenderManager.cpp","1531","w == rctar.get_width() && h == rctar.get_height()"
"Kirikiroid2_1.3.9_iOS_arm64","arm64","sub_10032FF48","0x10032ff48","0x1003300e8","DoRender","/Volumes/E/Projects/kirikiri2_mob/kirikiri2/src/core/visual/RenderManager.cpp","1530","w == rcdst.get_width() && h == rcdst.get_height()"
"Kirikiroid2_1.3.9_iOS_arm64","arm64","sub_10032FF48","0x10032ff48","0x100330108","DoRender","/Volumes/E/Projects/kirikiri2_mob/kirikiri2/src/core/visual/RenderManager.cpp","1531","w == rctar.get_width() && h == rctar.get_height()"
"Kirikiroid2_1.3.9_iOS_arm64","arm64","sub_1003303F0","0x1003303f0","0x100330590","DoRender","/Volumes/E/Projects/kirikiri2_mob/kirikiri2/src/core/visual/RenderManager.cpp","1530","w == rcdst.get_width() && h == rcdst.get_height()"
"Kirikiroid2_1.3.9_iOS_arm64","arm64","sub_1003303F0","0x1003303f0","0x1003305b0","DoRender","/Volumes/E/Projects/kirikiri2_mob/kirikiri2/src/core/visual/RenderManager.cpp","1531","w == rctar.get_width() && h == rctar.get_height()"
"Kirikiroid2_1.3.9_iOS_arm64","arm64","sub_100330A1C","0x100330a1c","0x100330bc8","DoRender","/Volumes/E/Projects/kirikiri2_mob/kirikiri2/src/core/visual/RenderManager.cpp","1601","w == rcdst.get_width() && h == rcdst.get_height()"
"Kirikiroid2_1.3.9_iOS_arm64","arm64","sub_100330A1C","0x100330a1c","0x100330be8","DoRender","/Volumes/E/Projects/kirikiri2_mob/kirikiri2/src/core/visual/RenderManager.cpp","1602","w == rctar.get_width() && h == rctar.get_height()"
"Kirikiroid2_1.3.9_iOS_arm64","arm64","sub_10033107C","0x10033107c","0x100331228","DoRender","/Volumes/E/Projects/kirikiri2_mob/kirikiri2/src/core/visual/RenderManager.cpp","1601","w == rcdst.get_width() && h == rcdst.get_height()"
"Kirikiroid2_1.3.9_iOS_arm64","arm64","sub_10033107C","0x10033107c","0x100331248","DoRender","/Volumes/E/Projects/kirikiri2_mob/kirikiri2/src/core/visual/RenderManager.cpp","1602","w == rctar.get_width() && h == rctar.get_height()"
"Kirikiroid2_1.3.9_iOS_arm64","arm64","sub_1003316DC","0x1003316dc","0x100331888","DoRender","/Volumes/E/Projects/kirikiri2_mob/kirikiri2/src/core/visual/RenderManager.cpp","1601","w == rcdst.get_width() && h == rcdst.get_height()"
"Kirikiroid2_1.3.9_iOS_arm64","arm64","sub_1003316DC","0x1003316dc","0x1003318a8","DoRender","/Volumes/E/Projects/kirikiri2_mob/kirikiri2/src/core/visual/RenderManager.cpp","1602","w == rctar.get_width() && h == rctar.get_height()"
"Kirikiroid2_1.3.9_iOS_arm64","arm64","sub_100331F28","0x100331f28","0x1003320b8","DoRender","/Volumes/E/Projects/kirikiri2_mob/kirikiri2/src/core/visual/RenderManager.cpp","1473","_tar == _dst && rctar == rcdst"
"Kirikiroid2_1.3.9_iOS_arm64","arm64","sub_100331F28","0x100331f28","0x1003320d8","DoRender","/Volumes/E/Projects/kirikiri2_mob/kirikiri2/src/core/visual/RenderManager.cpp","1474","w == rctar.get_width() && h == rctar.get_height()"
"Kirikiroid2_1.3.9_iOS_arm64","arm64","sub_100332744","0x100332744","0x1003328d4","DoRender","/Volumes/E/Projects/kirikiri2_mob/kirikiri2/src/core/visual/RenderManager.cpp","1473","_tar == _dst && rctar == rcdst"
"Kirikiroid2_1.3.9_iOS_arm64","arm64","sub_100332744","0x100332744","0x1003328f4","DoRender","/Volumes/E/Projects/kirikiri2_mob/kirikiri2/src/core/visual/RenderManager.cpp","1474","w == rctar.get_width() && h == rctar.get_height()"
"Kirikiroid2_1.3.9_iOS_arm64","arm64","sub_100332DA8","0x100332da8","0x100332f38","DoRender","/Volumes/E/Projects/kirikiri2_mob/kirikiri2/src/core/visual/RenderManager.cpp","1473","_tar == _dst && rctar == rcdst"
"Kirikiroid2_1.3.9_iOS_arm64","arm64","sub_100332DA8","0x100332da8","0x100332f58","DoRender","/Volumes/E/Projects/kirikiri2_mob/kirikiri2/src/core/visual/RenderManager.cpp","1474","w == rctar.get_width() && h == rctar.get_height()"
"Kirikiroid2_1.3.9_iOS_arm64","arm64","sub_10033340C","0x10033340c","0x10033359c","DoRender","/Volumes/E/Projects/kirikiri2_mob/kirikiri2/src/core/visual/RenderManager.cpp","1473","_tar == _dst && rctar == rcdst"
"Kirikiroid2_1.3.9_iOS_arm64","arm64","sub_10033340C","0x10033340c","0x1003335bc","DoRender","/Volumes/E/Projects/kirikiri2_mob/kirikiri2/src/core/visual/RenderManager.cpp","1474","w == rctar.get_width() && h == rctar.get_height()"
"Kirikiroid2_1.3.9_iOS_arm64","arm64","sub_1003338B8","0x1003338b8","0x100333a48","DoRender","/Volumes/E/Projects/kirikiri2_mob/kirikiri2/src/core/visual/RenderManager.cpp","1473","_tar == _dst && rctar == rcdst"
"Kirikiroid2_1.3.9_iOS_arm64","arm64","sub_1003338B8","0x1003338b8","0x100333a68","DoRender","/Volumes/E/Projects/kirikiri2_mob/kirikiri2/src/core/visual/RenderManager.cpp","1474","w == rctar.get_width() && h == rctar.get_height()"
"Kirikiroid2_1.3.9_iOS_arm64","arm64","sub_100333F64","0x100333f64","0x1003340f4","DoRender","/Volumes/E/Projects/kirikiri2_mob/kirikiri2/src/core/visual/RenderManager.cpp","1473","_tar == _dst && rctar == rcdst"
"Kirikiroid2_1.3.9_iOS_arm64","arm64","sub_100333F64","0x100333f64","0x100334114","DoRender","/Volumes/E/Projects/kirikiri2_mob/kirikiri2/src/core/visual/RenderManager.cpp","1474","w == rctar.get_width() && h == rctar.get_height()"
"Kirikiroid2_1.3.9_iOS_arm64","arm64","sub_100334410","0x100334410","0x1003345a0","DoRender","/Volumes/E/Projects/kirikiri2_mob/kirikiri2/src/core/visual/RenderManager.cpp","1473","_tar == _dst && rctar == rcdst"
"Kirikiroid2_1.3.9_iOS_arm64","arm64","sub_100334410","0x100334410","0x1003345c0","DoRender","/Volumes/E/Projects/kirikiri2_mob/kirikiri2/src/core/visual/RenderManager.cpp","1474","w == rctar.get_width() && h == rctar.get_height()"
"Kirikiroid2_1.3.9_iOS_arm64","arm64","sub_100334C2C","0x100334c2c","0x100334dbc","DoRender","/Volumes/E/Projects/kirikiri2_mob/kirikiri2/src/core/visual/RenderManager.cpp","1473","_tar == _dst && rctar == rcdst"
"Kirikiroid2_1.3.9_iOS_arm64","arm64","sub_100334C2C","0x100334c2c","0x100334ddc","DoRender","/Volumes/E/Projects/kirikiri2_mob/kirikiri2/src/core/visual/RenderManager.cpp","1474","w == rctar.get_width() && h == rctar.get_height()"
"Kirikiroid2_1.3.9_iOS_arm64","arm64","sub_1003350D8","0x1003350d8","0x100335268","DoRender","/Volumes/E/Projects/kirikiri2_mob/kirikiri2/src/core/visual/RenderManager.cpp","1473","_tar == _dst && rctar == rcdst"
"Kirikiroid2_1.3.9_iOS_arm64","arm64","sub_1003350D8","0x1003350d8","0x100335288","DoRender","/Volumes/E/Projects/kirikiri2_mob/kirikiri2/src/core/visual/RenderManager.cpp","1474","w == rctar.get_width() && h == rctar.get_height()"
"Kirikiroid2_1.3.9_iOS_arm64","arm64","sub_100335584","0x100335584","0x100335714","DoRender","/Volumes/E/Projects/kirikiri2_mob/kirikiri2/src/core/visual/RenderManager.cpp","1473","_tar == _dst && rctar == rcdst"
"Kirikiroid2_1.3.9_iOS_arm64","arm64","sub_100335584","0x100335584","0x100335734","DoRender","/Volumes/E/Projects/kirikiri2_mob/kirikiri2/src/core/visual/RenderManager.cpp","1474","w == rctar.get_width() && h == rctar.get_height()"
"Kirikiroid2_1.3.9_iOS_arm64","arm64","sub_100335A30","0x100335a30","0x100335bc0","DoRender","/Volumes/E/Projects/kirikiri2_mob/kirikiri2/src/core/visual/RenderManager.cpp","1473","_tar == _dst && rctar == rcdst"
"Kirikiroid2_1.3.9_iOS_arm64","arm64","sub_100335A30","0x100335a30","0x100335be0","DoRender","/Volumes/E/Projects/kirikiri2_mob/kirikiri2/src/core/visual/RenderManager.cpp","1474","w == rctar.get_width() && h == rctar.get_height()"
"Kirikiroid2_1.3.9_iOS_arm64","arm64","sub_100336254","0x100336254","0x1003363e4","DoRender","/Volumes/E/Projects/kirikiri2_mob/kirikiri2/src/core/visual/RenderManager.cpp","1473","_tar == _dst && rctar == rcdst"
"Kirikiroid2_1.3.9_iOS_arm64","arm64","sub_100336254","0x100336254","0x100336404","DoRender","/Volumes/E/Projects/kirikiri2_mob/kirikiri2/src/core/visual/RenderManager.cpp","1474","w == rctar.get_width() && h == rctar.get_height()"
"Kirikiroid2_1.3.9_iOS_arm64","arm64","sub_1003374C0","0x1003374c0","0x100337650","DoRender","/Volumes/E/Projects/kirikiri2_mob/kirikiri2/src/core/visual/RenderManager.cpp","1473","_tar == _dst && rctar == rcdst"
"Kirikiroid2_1.3.9_iOS_arm64","arm64","sub_1003374C0","0x1003374c0","0x100337670","DoRender","/Volumes/E/Projects/kirikiri2_mob/kirikiri2/src/core/visual/RenderManager.cpp","1474","w == rctar.get_width() && h == rctar.get_height()"
"Kirikiroid2_1.3.9_iOS_arm64","arm64","sub_10033796C","0x10033796c","0x100337afc","DoRender","/Volumes/E/Projects/kirikiri2_mob/kirikiri2/src/core/visual/RenderManager.cpp","1473","_tar == _dst && rctar == rcdst"
"Kirikiroid2_1.3.9_iOS_arm64","arm64","sub_10033796C","0x10033796c","0x100337b1c","DoRender","/Volumes/E/Projects/kirikiri2_mob/kirikiri2/src/core/visual/RenderManager.cpp","1474","w == rctar.get_width() && h == rctar.get_height()"
"Kirikiroid2_1.3.9_iOS_arm64","arm64","sub_100337DE4","0x100337de4","0x100337eec","DoRender","/Volumes/E/Projects/kirikiri2_mob/kirikiri2/src/core/visual/RenderManager.cpp","1806","rctar.get_width() == w && rctar.get_height() == h"
"Kirikiroid2_1.3.9_iOS_arm64","arm64","sub_100337F30","0x100337f30","0x100338038","DoRender","/Volumes/E/Projects/kirikiri2_mob/kirikiri2/src/core/visual/RenderManager.cpp","1806","rctar.get_width() == w && rctar.get_height() == h"
"Kirikiroid2_1.3.9_iOS_arm64","arm64","sub_10034165C","0x10034165c","0x100341760","GetFrontBuffer","/Volumes/E/Projects/kirikiri2_mob/kirikiri2/src/core/movie/ffmpeg/KRMovieLayer.cpp","29","m_usedPicture >= 0"
"Kirikiroid2_1.3.9_iOS_arm64","arm64","sub_100341840","0x100341840","0x1003419f4","AddVideoPicture","/Volumes/E/Projects/kirikiri2_mob/kirikiri2/src/core/movie/ffmpeg/KRMovieLayer.cpp","91","img_convert_ctx"
"Kirikiroid2_1.3.9_iOS_arm64","arm64","sub_10038D08C","0x10038d08c","0x10038d0e0","operator+=","/Volumes/E/Projects/kirikiri2_mob/kirikiri2/src/core/movie/ffmpeg/AEChannelInfo.cpp","195","m_channelCount < AE_CH_MAX"
"Kirikiroid2_1.3.9_iOS_arm64","arm64","sub_10038D08C","0x10038d08c","0x10038d100","operator+=","/Volumes/E/Projects/kirikiri2_mob/kirikiri2/src/core/movie/ffmpeg/AEChannelInfo.cpp","196","rhs > AE_CH_NULL && rhs < AE_CH_MAX"
"Kirikiroid2_1.3.9_iOS_arm64","arm64","sub_10038D190","0x10038d190","0x10038d2ac","GetChName","/Volumes/E/Projects/kirikiri2_mob/kirikiri2/src/core/movie/ffmpeg/AEChannelInfo.cpp","244","ch >= 0 && ch < AE_CH_MAX"
"Kirikiroid2_1.3.9_iOS_arm64","arm64","sub_10038D190","0x10038d190","0x10038d2cc","GetChName","/Volumes/E/Projects/kirikiri2_mob/kirikiri2/src/core/movie/ffmpeg/AEChannelInfo.cpp","244","ch >= 0 && ch < AE_CH_MAX"
"Kirikiroid2_1.3.9_iOS_arm64","arm64","sub_1003F106C","0x1003f106c","0x1003f13cc","PresentPicture","/Volumes/E/Projects/kirikiri2_mob/kirikiri2/src/core/movie/ffmpeg/KRMoviePlayer.cpp","285","m_usedPicture >= 0"
"Kirikiroid2_1.3.9_iOS_arm64","arm64","sub_1003F14D0","0x1003f14d0","0x1003f1550","~MoviePlayerOverlay","/Volumes/E/Projects/kirikiri2_mob/kirikiri2/src/core/movie/ffmpeg/KRMoviePlayer.cpp","337","std::this_thread::get_id() == TVPMainThreadID"
"Kirikiroid2_1.3.9_iOS_arm64","arm64","sub_100409CD0","0x100409cd0","0x100409cf4","AssignBitmap","/Volumes/E/Projects/kirikiri2_mob/kirikiri2/src/core/visual/LayerBitmapIntf.cpp","4767","false"
"Kirikiroid2_1.3.9_iOS_arm64","arm64","sub_10044B1A8","0x10044b1a8","0x10044b234","CalcMetadataSizeLPSTR","/Volumes/E/Projects/kirikiri2_mob/kirikiri2/vendor/jxrlib/current/jxrgluelib/JXRGlueJxr.c","51","DPKVT_LPSTR == var.vt"
"Kirikiroid2_1.3.9_iOS_arm64","arm64","sub_10044B238","0x10044b238","0x10044b2b0","CalcMetadataSizeLPWSTR","/Volumes/E/Projects/kirikiri2_mob/kirikiri2/vendor/jxrlib/current/jxrgluelib/JXRGlueJxr.c","72","DPKVT_LPWSTR == var.vt"
"Kirikiroid2_1.3.9_iOS_arm64","arm64","sub_10044B2B4","0x10044b2b4","0x10044b2e4","CalcMetadataSizeUI2","/Volumes/E/Projects/kirikiri2_mob/kirikiri2/vendor/jxrlib/current/jxrgluelib/JXRGlueJxr.c","92","DPKVT_UI2 == var.vt"
"Kirikiroid2_1.3.9_iOS_arm64","arm64","sub_10044B2F8","0x10044b2f8","0x10044b328","CalcMetadataSizeUI4","/Volumes/E/Projects/kirikiri2_mob/kirikiri2/vendor/jxrlib/current/jxrgluelib/JXRGlueJxr.c","106","DPKVT_UI4 == var.vt"
"Kirikiroid2_1.3.9_iOS_arm64","arm64","sub_10044B46C","0x10044b46c","0x10044b574","CopyDescMetadata","/Volumes/E/Projects/kirikiri2_mob/kirikiri2/vendor/jxrlib/current/jxrgluelib/JXRGlueJxr.c","170","FALSE"
"Kirikiroid2_1.3.9_iOS_arm64","arm64","sub_10044B46C","0x10044b46c","0x10044b594","CopyDescMetadata","/Volumes/E/Projects/kirikiri2_mob/kirikiri2/vendor/jxrlib/current/jxrgluelib/JXRGlueJxr.c","177","DPKVT_EMPTY == pvarDst->vt"
"Kirikiroid2_1.3.9_iOS_arm64","arm64","sub_10044B598","0x10044b598","0x10044b5f4","FreeDescMetadata","/Volumes/E/Projects/kirikiri2_mob/kirikiri2/vendor/jxrlib/current/jxrgluelib/JXRGlueJxr.c","199","FALSE"
"Kirikiroid2_1.3.9_iOS_arm64","arm64","sub_10044B5F8","0x10044b5f8","0x10044b774","WriteDescMetadata","/Volumes/E/Projects/kirikiri2_mob/kirikiri2/vendor/jxrlib/current/jxrgluelib/JXRGlueJxr.c","228","*puiCurrDescMetadataOffset <= pDEMisc->uDescMetadataByteCount"
"Kirikiroid2_1.3.9_iOS_arm64","arm64","sub_10044B5F8","0x10044b5f8","0x10044b794","WriteDescMetadata","/Volumes/E/Projects/kirikiri2_mob/kirikiri2/vendor/jxrlib/current/jxrgluelib/JXRGlueJxr.c","264","FALSE"
"Kirikiroid2_1.3.9_iOS_arm64","arm64","sub_10044B5F8","0x10044b5f8","0x10044b7b4","WriteDescMetadata","/Volumes/E/Projects/kirikiri2_mob/kirikiri2/vendor/jxrlib/current/jxrgluelib/JXRGlueJxr.c","272","*puiCurrDescMetadataOffset <= pDEMisc->uDescMetadataByteCount"
"Kirikiroid2_1.3.9_iOS_arm64","arm64","sub_10044B7B8","0x10044b7b8","0x10044c3fc","WriteContainerPre","/Volumes/E/Projects/kirikiri2_mob/kirikiri2/vendor/jxrlib/current/jxrgluelib/JXRGlueJxr.c","696","pDEMisc->uImageOffset == offPos"
"Kirikiroid2_1.3.9_iOS_arm64","arm64","sub_10044B7B8","0x10044b7b8","0x10044c41c","WriteContainerPre","/Volumes/E/Projects/kirikiri2_mob/kirikiri2/vendor/jxrlib/current/jxrgluelib/JXRGlueJxr.c","379","offPos <= OFFSET_OF_PFD"
"Kirikiroid2_1.3.9_iOS_arm64","arm64","sub_10044B7B8","0x10044b7b8","0x10044c444","WriteContainerPre","/Volumes/E/Projects/kirikiri2_mob/kirikiri2/vendor/jxrlib/current/jxrgluelib/JXRGlueJxr.c","678","0 == (offPos & 1)"
"Kirikiroid2_1.3.9_iOS_arm64","arm64","sub_10044B7B8","0x10044b7b8","0x10044c464","WriteContainerPre","/Volumes/E/Projects/kirikiri2_mob/kirikiri2/vendor/jxrlib/current/jxrgluelib/JXRGlueJxr.c","690","pDEMisc->uColorProfileOffset == offPos || pDEMisc->uDescMetadataOffset == offPos || pDEMisc->uXMPMetadataOffset == offPos || pDEMisc->uIPTCNAAMetadataOffset == offPos || pDEMisc->uPhotoshopMetadataOffset == offPos || pDEMisc->uEXIFMetadataOffset == offPos || pDEMisc->uGPSInfoMetadataOffset == offPos"
"Kirikiroid2_1.3.9_iOS_arm64","arm64","sub_10044CC60","0x10044cc60","0x10044ccf8","SetMetadata","/Volumes/E/Projects/kirikiri2_mob/kirikiri2/vendor/jxrlib/current/jxrgluelib/JXRGlueJxr.c","1023","FALSE"
"Kirikiroid2_1.3.9_iOS_arm64","arm64","sub_10044CCFC","0x10044ccfc","0x10044ce24","PKImageEncode_SetDescriptiveMetadata_WMP","/Volumes/E/Projects/kirikiri2_mob/kirikiri2/vendor/jxrlib/current/jxrgluelib/JXRGlueJxr.c","1156","FALSE"
"Kirikiroid2_1.3.9_iOS_arm64","arm64","sub_10044CE28","0x10044ce28","0x10044cf70","PKImageEncode_WritePixels_WMP","/Volumes/E/Projects/kirikiri2_mob/kirikiri2/vendor/jxrlib/current/jxrgluelib/JXRGlueJxr.c","1193","BANDEDENCSTATE_UNINITIALIZED == pIE->WMP.eBandedEncState"
"Kirikiroid2_1.3.9_iOS_arm64","arm64","sub_10044CF74","0x10044cf74","0x10044cfc8","PKImageEncode_WritePixelsBandedBegin_WMP","/Volumes/E/Projects/kirikiri2_mob/kirikiri2/vendor/jxrlib/current/jxrgluelib/JXRGlueJxr.c","1229","BANDEDENCSTATE_UNINITIALIZED == pIE->WMP.eBandedEncState"
"Kirikiroid2_1.3.9_iOS_arm64","arm64","sub_10044CFCC","0x10044cfcc","0x10044d220","PKImageEncode_WritePixelsBanded_WMP","/Volumes/E/Projects/kirikiri2_mob/kirikiri2/vendor/jxrlib/current/jxrgluelib/JXRGlueJxr.c","1267","fPI"
"Kirikiroid2_1.3.9_iOS_arm64","arm64","sub_10044CFCC","0x10044cfcc","0x10044d240","PKImageEncode_WritePixelsBanded_WMP","/Volumes/E/Projects/kirikiri2_mob/kirikiri2/vendor/jxrlib/current/jxrgluelib/JXRGlueJxr.c","1279","fPI"
"Kirikiroid2_1.3.9_iOS_arm64","arm64","sub_10044CFCC","0x10044cfcc","0x10044d260","PKImageEncode_WritePixelsBanded_WMP","/Volumes/E/Projects/kirikiri2_mob/kirikiri2/vendor/jxrlib/current/jxrgluelib/JXRGlueJxr.c","1294","0 == offStart"
"Kirikiroid2_1.3.9_iOS_arm64","arm64","sub_10044CFCC","0x10044cfcc","0x10044d280","PKImageEncode_WritePixelsBanded_WMP","/Volumes/E/Projects/kirikiri2_mob/kirikiri2/vendor/jxrlib/current/jxrgluelib/JXRGlueJxr.c","1295","pIE->WMP.wmiSCP_Alpha.pWStream == pIE->WMP.wmiSCP.pWStream"
"Kirikiroid2_1.3.9_iOS_arm64","arm64","sub_10044D284","0x10044d284","0x10044d46c","PKImageEncode_WritePixelsBandedEnd_WMP","/Volumes/E/Projects/kirikiri2_mob/kirikiri2/vendor/jxrlib/current/jxrgluelib/JXRGlueJxr.c","1315","BANDEDENCSTATE_ENCODING == pIE->WMP.eBandedEncState"
"Kirikiroid2_1.3.9_iOS_arm64","arm64","sub_10044D284","0x10044d284","0x10044d490","PKImageEncode_WritePixelsBandedEnd_WMP","/Volumes/E/Projects/kirikiri2_mob/kirikiri2/vendor/jxrlib/current/jxrgluelib/JXRGlueJxr.c","1328","pAlphaStream != pMainStream"
"Kirikiroid2_1.3.9_iOS_arm64","arm64","sub_10044D284","0x10044d284","0x10044d4b0","PKImageEncode_WritePixelsBandedEnd_WMP","/Volumes/E/Projects/kirikiri2_mob/kirikiri2/vendor/jxrlib/current/jxrgluelib/JXRGlueJxr.c","1350","cbBytesCopied == cbAlpha"
"Kirikiroid2_1.3.9_iOS_arm64","arm64","sub_10044D4B4","0x10044d4b4","0x10044d7b0","PKImageEncode_Transcode_WMP","/Volumes/E/Projects/kirikiri2_mob/kirikiri2/vendor/jxrlib/current/jxrgluelib/JXRGlueJxr.c","1404","pParam->uAlphaMode <= 3"
"Kirikiroid2_1.3.9_iOS_arm64","arm64","sub_10044D4B4","0x10044d4b4","0x10044d7d0","PKImageEncode_Transcode_WMP","/Volumes/E/Projects/kirikiri2_mob/kirikiri2/vendor/jxrlib/current/jxrgluelib/JXRGlueJxr.c","1427","pID->WMP.wmiDEMisc.uAlphaOffset > 0"
"Kirikiroid2_1.3.9_iOS_arm64","arm64","sub_10044D968","0x10044d968","0x10044da18","ParsePFDEntry","/Volumes/E/Projects/kirikiri2_mob/kirikiri2/vendor/jxrlib/current/jxrgluelib/JXRGlueJxr.c","1730","DPKVT_LPSTR == pID->WMP.sDescMetadata.pvarDocumentName.vt"
"Kirikiroid2_1.3.9_iOS_arm64","arm64","sub_10044D968","0x10044d968","0x10044dbc4","ParsePFDEntry","/Volumes/E/Projects/kirikiri2_mob/kirikiri2/vendor/jxrlib/current/jxrgluelib/JXRGlueJxr.c","1680","DPKVT_LPSTR == pID->WMP.sDescMetadata.pvarSoftware.vt"
"Kirikiroid2_1.3.9_iOS_arm64","arm64","sub_10044D968","0x10044d968","0x10044dcb8","ParsePFDEntry","/Volumes/E/Projects/kirikiri2_mob/kirikiri2/vendor/jxrlib/current/jxrgluelib/JXRGlueJxr.c","1710","DPKVT_UI2 == pID->WMP.sDescMetadata.pvarRatingValue.vt"
"Kirikiroid2_1.3.9_iOS_arm64","arm64","sub_10044D968","0x10044d968","0x10044dd18","ParsePFDEntry","/Volumes/E/Projects/kirikiri2_mob/kirikiri2/vendor/jxrlib/current/jxrgluelib/JXRGlueJxr.c","1692","DPKVT_LPSTR == pID->WMP.sDescMetadata.pvarArtist.vt"
"Kirikiroid2_1.3.9_iOS_arm64","arm64","sub_10044D968","0x10044d968","0x10044ddb8","ParsePFDEntry","/Volumes/E/Projects/kirikiri2_mob/kirikiri2/vendor/jxrlib/current/jxrgluelib/JXRGlueJxr.c","1736","DPKVT_LPSTR == pID->WMP.sDescMetadata.pvarPageName.vt"
"Kirikiroid2_1.3.9_iOS_arm64","arm64","sub_10044D968","0x10044d968","0x10044de30","ParsePFDEntry","/Volumes/E/Projects/kirikiri2_mob/kirikiri2/vendor/jxrlib/current/jxrgluelib/JXRGlueJxr.c","1662","DPKVT_LPSTR == pID->WMP.sDescMetadata.pvarImageDescription.vt"
"Kirikiroid2_1.3.9_iOS_arm64","arm64","sub_10044D968","0x10044d968","0x10044de80","ParsePFDEntry","/Volumes/E/Projects/kirikiri2_mob/kirikiri2/vendor/jxrlib/current/jxrgluelib/JXRGlueJxr.c","1668","DPKVT_LPSTR == pID->WMP.sDescMetadata.pvarCameraMake.vt"
"Kirikiroid2_1.3.9_iOS_arm64","arm64","sub_10044D968","0x10044d968","0x10044ded0","ParsePFDEntry","/Volumes/E/Projects/kirikiri2_mob/kirikiri2/vendor/jxrlib/current/jxrgluelib/JXRGlueJxr.c","1674","DPKVT_LPSTR == pID->WMP.sDescMetadata.pvarCameraModel.vt"
"Kirikiroid2_1.3.9_iOS_arm64","arm64","sub_10044D968","0x10044d968","0x10044df5c","ParsePFDEntry","/Volumes/E/Projects/kirikiri2_mob/kirikiri2/vendor/jxrlib/current/jxrgluelib/JXRGlueJxr.c","1748","DPKVT_LPSTR == pID->WMP.sDescMetadata.pvarHostComputer.vt"
"Kirikiroid2_1.3.9_iOS_arm64","arm64","sub_10044D968","0x10044d968","0x10044dfdc","ParsePFDEntry","/Volumes/E/Projects/kirikiri2_mob/kirikiri2/vendor/jxrlib/current/jxrgluelib/JXRGlueJxr.c","1742","DPKVT_UI4 == pID->WMP.sDescMetadata.pvarPageNumber.vt"
"Kirikiroid2_1.3.9_iOS_arm64","arm64","sub_10044D968","0x10044d968","0x10044e02c","ParsePFDEntry","/Volumes/E/Projects/kirikiri2_mob/kirikiri2/vendor/jxrlib/current/jxrgluelib/JXRGlueJxr.c","1698","DPKVT_LPSTR == pID->WMP.sDescMetadata.pvarCopyright.vt"
"Kirikiroid2_1.3.9_iOS_arm64","arm64","sub_10044D968","0x10044d968","0x10044e07c","ParsePFDEntry","/Volumes/E/Projects/kirikiri2_mob/kirikiri2/vendor/jxrlib/current/jxrgluelib/JXRGlueJxr.c","1704","DPKVT_UI2 == pID->WMP.sDescMetadata.pvarRatingStars.vt"
"Kirikiroid2_1.3.9_iOS_arm64","arm64","sub_10044D968","0x10044d968","0x10044e19c","ParsePFDEntry","/Volumes/E/Projects/kirikiri2_mob/kirikiri2/vendor/jxrlib/current/jxrgluelib/JXRGlueJxr.c","1716","(DPKVT_BYREF | DPKVT_UI1) == pID->WMP.sDescMetadata.pvarCaption.vt"
"Kirikiroid2_1.3.9_iOS_arm64","arm64","sub_10044D968","0x10044d968","0x10044e1bc","ParsePFDEntry","/Volumes/E/Projects/kirikiri2_mob/kirikiri2/vendor/jxrlib/current/jxrgluelib/JXRGlueJxr.c","1721","0 == pID->WMP.sDescMetadata.pvarCaption.VT.pwszVal[uCount/sizeof(U16) - 1]"
"Kirikiroid2_1.3.9_iOS_arm64","arm64","sub_10044D968","0x10044d968","0x10044e1dc","ParsePFDEntry","/Volumes/E/Projects/kirikiri2_mob/kirikiri2/vendor/jxrlib/current/jxrgluelib/JXRGlueJxr.c","1686","DPKVT_LPSTR == pID->WMP.sDescMetadata.pvarDateTime.vt"
"Kirikiroid2_1.3.9_iOS_arm64","arm64","sub_10044D968","0x10044d968","0x10044e1fc","ParsePFDEntry","/Volumes/E/Projects/kirikiri2_mob/kirikiri2/vendor/jxrlib/current/jxrgluelib/JXRGlueJxr.c","1577","uValue < O_MAX"
"Kirikiroid2_1.3.9_iOS_arm64","arm64","sub_10044E4A8","0x10044e4a8","0x10044e58c","PKImageDecode_Initialize_WMP","/Volumes/E/Projects/kirikiri2_mob/kirikiri2/vendor/jxrlib/current/jxrgluelib/JXRGlueJxr.c","1861","Y_ONLY <= pID->WMP.wmiSCP.cfColorFormat && pID->WMP.wmiSCP.cfColorFormat < CFT_MAX"
"Kirikiroid2_1.3.9_iOS_arm64","arm64","sub_10044E4A8","0x10044e4a8","0x10044e5ac","PKImageDecode_Initialize_WMP","/Volumes/E/Projects/kirikiri2_mob/kirikiri2/vendor/jxrlib/current/jxrgluelib/JXRGlueJxr.c","1862","BD_SHORT == pID->WMP.wmiSCP.bdBitDepth || BD_LONG == pID->WMP.wmiSCP.bdBitDepth"
"Kirikiroid2_1.3.9_iOS_arm64","arm64","sub_100450168","0x100450168","0x100450774","outputNChannel","/Volumes/E/Projects/kirikiri2_mob/kirikiri2/vendor/jxrlib/current/image/decode/strdec.c","620","cChannel <= 16"
"Kirikiroid2_1.3.9_iOS_arm64","arm64","sub_100450168","0x100450168","0x100450794","outputNChannel","/Volumes/E/Projects/kirikiri2_mob/kirikiri2/vendor/jxrlib/current/image/decode/strdec.c","732","0"
"Kirikiroid2_1.3.9_iOS_arm64","arm64","sub_100450E1C","0x100450e1c","0x1004533e4","outputMBRow","/Volumes/E/Projects/kirikiri2_mob/kirikiri2/vendor/jxrlib/current/image/decode/strdec.c","894","pSC->m_param.bScaledArith == pSC->m_pNextSC->m_param.bScaledArith"
"Kirikiroid2_1.3.9_iOS_arm64","arm64","sub_100450E1C","0x100450e1c","0x100453404","outputMBRow","/Volumes/E/Projects/kirikiri2_mob/kirikiri2/vendor/jxrlib/current/image/decode/strdec.c","982","0"
"Kirikiroid2_1.3.9_iOS_arm64","arm64","sub_100450E1C","0x100450e1c","0x100453424","outputMBRow","/Volumes/E/Projects/kirikiri2_mob/kirikiri2/vendor/jxrlib/current/image/decode/strdec.c","917","cChannel <= 16"
"Kirikiroid2_1.3.9_iOS_arm64","arm64","sub_100450E1C","0x100450e1c","0x100453444","outputMBRow","/Volumes/E/Projects/kirikiri2_mob/kirikiri2/vendor/jxrlib/current/image/decode/strdec.c","1628","cfExt == Y_ONLY && pSC->m_param.cfColorFormat == Y_ONLY"
"Kirikiroid2_1.3.9_iOS_arm64","arm64","sub_100450E1C","0x100450e1c","0x100453464","outputMBRow","/Volumes/E/Projects/kirikiri2_mob/kirikiri2/vendor/jxrlib/current/image/decode/strdec.c","1178","0"
"Kirikiroid2_1.3.9_iOS_arm64","arm64","sub_100450E1C","0x100450e1c","0x100453484","outputMBRow","/Volumes/E/Projects/kirikiri2_mob/kirikiri2/vendor/jxrlib/current/image/decode/strdec.c","1337","0"
"Kirikiroid2_1.3.9_iOS_arm64","arm64","sub_100450E1C","0x100450e1c","0x1004534a4","outputMBRow","/Volumes/E/Projects/kirikiri2_mob/kirikiri2/vendor/jxrlib/current/image/decode/strdec.c","1395","0"
"Kirikiroid2_1.3.9_iOS_arm64","arm64","sub_100450E1C","0x100450e1c","0x1004534c4","outputMBRow","/Volumes/E/Projects/kirikiri2_mob/kirikiri2/vendor/jxrlib/current/image/decode/strdec.c","1433","0"
"Kirikiroid2_1.3.9_iOS_arm64","arm64","sub_100450E1C","0x100450e1c","0x1004534e4","outputMBRow","/Volumes/E/Projects/kirikiri2_mob/kirikiri2/vendor/jxrlib/current/image/decode/strdec.c","1472","0"
"Kirikiroid2_1.3.9_iOS_arm64","arm64","sub_100450E1C","0x100450e1c","0x100453504","outputMBRow","/Volumes/E/Projects/kirikiri2_mob/kirikiri2/vendor/jxrlib/current/image/decode/strdec.c","1510","0"
"Kirikiroid2_1.3.9_iOS_arm64","arm64","sub_100450E1C","0x100450e1c","0x100453524","outputMBRow","/Volumes/E/Projects/kirikiri2_mob/kirikiri2/vendor/jxrlib/current/image/decode/strdec.c","1547","0"
"Kirikiroid2_1.3.9_iOS_arm64","arm64","sub_100450E1C","0x100450e1c","0x100453544","outputMBRow","/Volumes/E/Projects/kirikiri2_mob/kirikiri2/vendor/jxrlib/current/image/decode/strdec.c","1556","cfExt == CF_RGB"
"Kirikiroid2_1.3.9_iOS_arm64","arm64","sub_100450E1C","0x100450e1c","0x100453564","outputMBRow","/Volumes/E/Projects/kirikiri2_mob/kirikiri2/vendor/jxrlib/current/image/decode/strdec.c","1602","cfExt == CF_RGB"
"Kirikiroid2_1.3.9_iOS_arm64","arm64","sub_100450E1C","0x100450e1c","0x100453584","outputMBRow","/Volumes/E/Projects/kirikiri2_mob/kirikiri2/vendor/jxrlib/current/image/decode/strdec.c","1579","cfExt == CF_RGB"
"Kirikiroid2_1.3.9_iOS_arm64","arm64","sub_1004537E8","0x1004537e8","0x100453eac","outputNChannelThumbnail","/Volumes/E/Projects/kirikiri2_mob/kirikiri2/vendor/jxrlib/current/image/decode/strdec.c","1724","cChannel <= 16"
"Kirikiroid2_1.3.9_iOS_arm64","arm64","sub_1004537E8","0x1004537e8","0x100453ecc","outputNChannelThumbnail","/Volumes/E/Projects/kirikiri2_mob/kirikiri2/vendor/jxrlib/current/image/decode/strdec.c","1829","0"
"Kirikiroid2_1.3.9_iOS_arm64","arm64","sub_100454460","0x100454460","0x100456144","decodeThumbnail","/Volumes/E/Projects/kirikiri2_mob/kirikiri2/vendor/jxrlib/current/image/decode/strdec.c","1941","tScale == (size_t)(1U << nBits)"
"Kirikiroid2_1.3.9_iOS_arm64","arm64","sub_100454460","0x100454460","0x100456164","decodeThumbnail","/Volumes/E/Projects/kirikiri2_mob/kirikiri2/vendor/jxrlib/current/image/decode/strdec.c","2307","cfExt == Y_ONLY && pSC->m_param.cfColorFormat == Y_ONLY"
"Kirikiroid2_1.3.9_iOS_arm64","arm64","sub_100454460","0x100454460","0x100456184","decodeThumbnail","/Volumes/E/Projects/kirikiri2_mob/kirikiri2/vendor/jxrlib/current/image/decode/strdec.c","2061","0"
"Kirikiroid2_1.3.9_iOS_arm64","arm64","sub_100454460","0x100454460","0x1004561a4","decodeThumbnail","/Volumes/E/Projects/kirikiri2_mob/kirikiri2/vendor/jxrlib/current/image/decode/strdec.c","2117","0"
"Kirikiroid2_1.3.9_iOS_arm64","arm64","sub_100454460","0x100454460","0x1004561c4","decodeThumbnail","/Volumes/E/Projects/kirikiri2_mob/kirikiri2/vendor/jxrlib/current/image/decode/strdec.c","2171","0"
"Kirikiroid2_1.3.9_iOS_arm64","arm64","sub_100454460","0x100454460","0x1004561e4","decodeThumbnail","/Volumes/E/Projects/kirikiri2_mob/kirikiri2/vendor/jxrlib/current/image/decode/strdec.c","2202","0"
"Kirikiroid2_1.3.9_iOS_arm64","arm64","sub_100454460","0x100454460","0x100456204","decodeThumbnail","/Volumes/E/Projects/kirikiri2_mob/kirikiri2/vendor/jxrlib/current/image/decode/strdec.c","2236","0"
"Kirikiroid2_1.3.9_iOS_arm64","arm64","sub_100454460","0x100454460","0x100456224","decodeThumbnail","/Volumes/E/Projects/kirikiri2_mob/kirikiri2/vendor/jxrlib/current/image/decode/strdec.c","2267","0"
"Kirikiroid2_1.3.9_iOS_arm64","arm64","sub_100454460","0x100454460","0x100456244","decodeThumbnail","/Volumes/E/Projects/kirikiri2_mob/kirikiri2/vendor/jxrlib/current/image/decode/strdec.c","2299","0"
"Kirikiroid2_1.3.9_iOS_arm64","arm64","sub_10045741C","0x10045741c","0x100457950","ReadWMIHeader","/Volumes/E/Projects/kirikiri2_mob/kirikiri2/vendor/jxrlib/current/image/decode/strdec.c","2967","pSC != NULL"
"Kirikiroid2_1.3.9_iOS_arm64","arm64","sub_100457C78","0x100457c78","0x1004581f8","ImageStrDecInit","/Volumes/E/Projects/kirikiri2_mob/kirikiri2/vendor/jxrlib/current/image/decode/strdec.c","3309","b"
"Kirikiroid2_1.3.9_iOS_arm64","arm64","sub_100457C78","0x100457c78","0x100458218","ImageStrDecInit","/Volumes/E/Projects/kirikiri2_mob/kirikiri2/vendor/jxrlib/current/image/decode/strdec.c","3310","b"
"Kirikiroid2_1.3.9_iOS_arm64","arm64","sub_100457C78","0x100457c78","0x100458238","ImageStrDecInit","/Volumes/E/Projects/kirikiri2_mob/kirikiri2/vendor/jxrlib/current/image/decode/strdec.c","3311","b"
"Kirikiroid2_1.3.9_iOS_arm64","arm64","sub_100457C78","0x100457c78","0x100458258","ImageStrDecInit","/Volumes/E/Projects/kirikiri2_mob/kirikiri2/vendor/jxrlib/current/image/decode/strdec.c","3312","b"
"Kirikiroid2_1.3.9_iOS_arm64","arm64","sub_100457C78","0x100457c78","0x100458278","ImageStrDecInit","/Volumes/E/Projects/kirikiri2_mob/kirikiri2/vendor/jxrlib/current/image/decode/strdec.c","3313","b"
"Kirikiroid2_1.3.9_iOS_arm64","arm64","sub_100457C78","0x100457c78","0x100458298","ImageStrDecInit","/Volumes/E/Projects/kirikiri2_mob/kirikiri2/vendor/jxrlib/current/image/decode/strdec.c","3413","b"
"Kirikiroid2_1.3.9_iOS_arm64","arm64","sub_1004583D4","0x1004583d4","0x1004588c8","ImageStrDecDecode","/Volumes/E/Projects/kirikiri2_mob/kirikiri2/vendor/jxrlib/current/image/decode/strdec.c","3442","b"
"Kirikiroid2_1.3.9_iOS_arm64","arm64","sub_1004583D4","0x1004583d4","0x1004588e8","ImageStrDecDecode","/Volumes/E/Projects/kirikiri2_mob/kirikiri2/vendor/jxrlib/current/image/decode/strdec.c","3608","b"
"Kirikiroid2_1.3.9_iOS_arm64","arm64","sub_1004588EC","0x1004588ec","0x1004589dc","ImageStrDecTerm","/Volumes/E/Projects/kirikiri2_mob/kirikiri2/vendor/jxrlib/current/image/decode/strdec.c","3625","b"
"Kirikiroid2_1.3.9_iOS_arm64","arm64","sub_1004588EC","0x1004588ec","0x1004589fc","ImageStrDecTerm","/Volumes/E/Projects/kirikiri2_mob/kirikiri2/vendor/jxrlib/current/image/decode/strdec.c","3628","b"
"Kirikiroid2_1.3.9_iOS_arm64","arm64","sub_1004599F0","0x1004599f0","0x100459ae4","ReadPropvar","/Volumes/E/Projects/kirikiri2_mob/kirikiri2/vendor/jxrlib/current/jxrgluelib/JXRMeta.c","757","FALSE"
"Kirikiroid2_1.3.9_iOS_arm64","arm64","sub_1004599F0","0x1004599f0","0x100459b04","ReadPropvar","/Volumes/E/Projects/kirikiri2_mob/kirikiri2/vendor/jxrlib/current/jxrgluelib/JXRMeta.c","751","FALSE"
"Kirikiroid2_1.3.9_iOS_arm64","arm64","sub_1004599F0","0x1004599f0","0x100459b24","ReadPropvar","/Volumes/E/Projects/kirikiri2_mob/kirikiri2/vendor/jxrlib/current/jxrgluelib/JXRMeta.c","724","0 == pvar->VT.pszVal[uCount - 1]"
"Kirikiroid2_1.3.9_iOS_arm64","arm64","sub_100459B44","0x100459b44","0x100459dc4","WriteWmpDE","/Volumes/E/Projects/kirikiri2_mob/kirikiri2/vendor/jxrlib/current/jxrgluelib/JXRMeta.c","777","-1 != pDE->uCount"
"Kirikiroid2_1.3.9_iOS_arm64","arm64","sub_100459B44","0x100459b44","0x100459de4","WriteWmpDE","/Volumes/E/Projects/kirikiri2_mob/kirikiri2/vendor/jxrlib/current/jxrgluelib/JXRMeta.c","778","-1 != pDE->uValueOrOffset"
"Kirikiroid2_1.3.9_iOS_arm64","arm64","sub_100459B44","0x100459b44","0x100459e04","WriteWmpDE","/Volumes/E/Projects/kirikiri2_mob/kirikiri2/vendor/jxrlib/current/jxrgluelib/JXRMeta.c","782","pbData"
"Kirikiroid2_1.3.9_iOS_arm64","arm64","sub_100459B44","0x100459b44","0x100459e24","WriteWmpDE","/Volumes/E/Projects/kirikiri2_mob/kirikiri2/vendor/jxrlib/current/jxrgluelib/JXRMeta.c","896","FALSE"
"Kirikiroid2_1.3.9_iOS_arm64","arm64","sub_100459B44","0x100459b44","0x100459e44","WriteWmpDE","/Volumes/E/Projects/kirikiri2_mob/kirikiri2/vendor/jxrlib/current/jxrgluelib/JXRMeta.c","876","FALSE"
"Kirikiroid2_1.3.9_iOS_arm64","arm64","sub_100459B44","0x100459b44","0x100459e64","WriteWmpDE","/Volumes/E/Projects/kirikiri2_mob/kirikiri2/vendor/jxrlib/current/jxrgluelib/JXRMeta.c","845","FALSE"
"Kirikiroid2_1.3.9_iOS_arm64","arm64","sub_100459B44","0x100459b44","0x100459e84","WriteWmpDE","/Volumes/E/Projects/kirikiri2_mob/kirikiri2/vendor/jxrlib/current/jxrgluelib/JXRMeta.c","836","FALSE"
"Kirikiroid2_1.3.9_iOS_arm64","arm64","sub_10045AE6C","0x10045ae6c","0x10045aed4","PerfTimerStart","/Volumes/E/Projects/kirikiri2_mob/kirikiri2/vendor/jxrlib/current/image/sys/perfTimerANSI.c","135","FALSE"
"Kirikiroid2_1.3.9_iOS_arm64","arm64","sub_10045AED8","0x10045aed8","0x10045af40","PerfTimerStop","/Volumes/E/Projects/kirikiri2_mob/kirikiri2/vendor/jxrlib/current/image/sys/perfTimerANSI.c","171","FALSE"
"Kirikiroid2_1.3.9_iOS_arm64","arm64","sub_10045AF44","0x10045af44","0x10045b004","PerfTimerGetResults","/Volumes/E/Projects/kirikiri2_mob/kirikiri2/vendor/jxrlib/current/image/sys/perfTimerANSI.c","200","FALSE"
"Kirikiroid2_1.3.9_iOS_arm64","arm64","sub_10045BD00","0x10045bd00","0x10045bdec","transformDCBlock422","/Volumes/E/Projects/kirikiri2_mob/kirikiri2/vendor/jxrlib/current/image/decode/JXRTranscode.c","217","oOrientation < O_RCW"
"Kirikiroid2_1.3.9_iOS_arm64","arm64","sub_10045BFD8","0x10045bfd8","0x10045c120","transformACBlocks422","/Volumes/E/Projects/kirikiri2_mob/kirikiri2/vendor/jxrlib/current/image/decode/JXRTranscode.c","284","oOrientation < O_RCW"
"Kirikiroid2_1.3.9_iOS_arm64","arm64","sub_100460FD0","0x100460fd0","0x1004612a8","AdaptDiscriminant","/Volumes/E/Projects/kirikiri2_mob/kirikiri2/vendor/jxrlib/current/image/sys/adapthuff.c","458","t >= 0"
"Kirikiroid2_1.3.9_iOS_arm64","arm64","sub_100460FD0","0x100460fd0","0x1004612c8","AdaptDiscriminant","/Volumes/E/Projects/kirikiri2_mob/kirikiri2/vendor/jxrlib/current/image/sys/adapthuff.c","459","t < gMaxTables[iSym]"
"Kirikiroid2_1.3.9_iOS_arm64","arm64","sub_100460FD0","0x100460fd0","0x1004612e8","AdaptDiscriminant","/Volumes/E/Projects/kirikiri2_mob/kirikiri2/vendor/jxrlib/current/image/sys/adapthuff.c","504","0"
"Kirikiroid2_1.3.9_iOS_arm64","arm64","sub_1004613E4","0x1004613e4","0x100461420","putBit16","/Volumes/E/Projects/kirikiri2_mob/kirikiri2/vendor/jxrlib/current/image/sys/strcodec.c","996","cBits <= 16"
"Kirikiroid2_1.3.9_iOS_arm64","arm64","sub_10046160C","0x10046160c","0x1004616d4","advanceMRPtr","/Volumes/E/Projects/kirikiri2_mob/kirikiri2/vendor/jxrlib/current/image/sys/strcodec.c","192","pSC->m_bSecondary == FALSE"
"Kirikiroid2_1.3.9_iOS_arm64","arm64","sub_100461DB4","0x100461db4","0x100461dec","detach_SB","/Volumes/E/Projects/kirikiri2_mob/kirikiri2/vendor/jxrlib/current/image/sys/strcodec.c","658","0 == pSB->cBitLeft"
"Kirikiroid2_1.3.9_iOS_arm64","arm64","sub_100461DF8","0x100461df8","0x100461f90","allocateBitIOInfo","/Volumes/E/Projects/kirikiri2_mob/kirikiri2/vendor/jxrlib/current/image/sys/strcodec.c","722","pSC->WMISCP.bfBitstreamFormat == SPATIAL && pSC->WMISCP.cNumOfSliceMinus1H + pSC->WMISCP.cNumOfSliceMinus1V == 0"
"Kirikiroid2_1.3.9_iOS_arm64","arm64","sub_10046257C","0x10046257c","0x1004625c4","peekBit16","/Volumes/E/Projects/kirikiri2_mob/kirikiri2/vendor/jxrlib/current/image/sys/strcodec.c","915","0 <= (I32)cBits && cBits <= 16"
"Kirikiroid2_1.3.9_iOS_arm64","arm64","sub_1004625C8","0x1004625c8","0x10046264c","flushBit16","/Volumes/E/Projects/kirikiri2_mob/kirikiri2/vendor/jxrlib/current/image/sys/strcodec.c","920","0 <= (I32)cBits && cBits <= 16"
"Kirikiroid2_1.3.9_iOS_arm64","arm64","sub_1004625C8","0x1004625c8","0x10046266c","flushBit16","/Volumes/E/Projects/kirikiri2_mob/kirikiri2/vendor/jxrlib/current/image/sys/strcodec.c","920","(pIO->iMask & 1) == 0"
"Kirikiroid2_1.3.9_iOS_arm64","arm64","sub_100462670","0x100462670","0x10046270c","getBit32","/Volumes/E/Projects/kirikiri2_mob/kirikiri2/vendor/jxrlib/current/image/sys/strcodec.c","959","0 <= (I32)cBits && cBits <= 32"
"Kirikiroid2_1.3.9_iOS_arm64","arm64","sub_100462734","0x100462734","0x1004627bc","putBit16z","/Volumes/E/Projects/kirikiri2_mob/kirikiri2/vendor/jxrlib/current/image/sys/strcodec.c","982","cBits <= 16"
"Kirikiroid2_1.3.9_iOS_arm64","arm64","sub_100462734","0x100462734","0x1004627dc","putBit16z","/Volumes/E/Projects/kirikiri2_mob/kirikiri2/vendor/jxrlib/current/image/sys/strcodec.c","983","0 == uiBits >> cBits"
"Kirikiroid2_1.3.9_iOS_arm64","arm64","sub_1004627E0","0x1004627e0","0x100462864","putBit32","/Volumes/E/Projects/kirikiri2_mob/kirikiri2/vendor/jxrlib/current/image/sys/strcodec.c","1004","0 <= (I32)cBits && cBits <= 32"
"Kirikiroid2_1.3.9_iOS_arm64","arm64","sub_10046287C","0x10046287c","0x10046295c","readIS","/Volumes/E/Projects/kirikiri2_mob/kirikiri2/vendor/jxrlib/current/image/sys/strcodec.c","1100","b"
"Kirikiroid2_1.3.9_iOS_arm64","arm64","sub_10046287C","0x10046287c","0x10046297c","readIS","/Volumes/E/Projects/kirikiri2_mob/kirikiri2/vendor/jxrlib/current/image/sys/strcodec.c","1106","b"
"Kirikiroid2_1.3.9_iOS_arm64","arm64","sub_100462980","0x100462980","0x100462a48","writeIS","/Volumes/E/Projects/kirikiri2_mob/kirikiri2/vendor/jxrlib/current/image/sys/strcodec.c","1166","b"
"Kirikiroid2_1.3.9_iOS_arm64","arm64","sub_100462980","0x100462980","0x100462a68","writeIS","/Volumes/E/Projects/kirikiri2_mob/kirikiri2/vendor/jxrlib/current/image/sys/strcodec.c","1168","b"
"Kirikiroid2_1.3.9_iOS_arm64","arm64","sub_100462AB4","0x100462ab4","0x100462ba8","attachISRead","/Volumes/E/Projects/kirikiri2_mob/kirikiri2/vendor/jxrlib/current/image/sys/strcodec.c","1074","b"
"Kirikiroid2_1.3.9_iOS_arm64","arm64","sub_100462AB4","0x100462ab4","0x100462bc8","attachISRead","/Volumes/E/Projects/kirikiri2_mob/kirikiri2/vendor/jxrlib/current/image/sys/strcodec.c","1077","b"
"Kirikiroid2_1.3.9_iOS_arm64","arm64","sub_100462BCC","0x100462bcc","0x100462c74","detachISRead","/Volumes/E/Projects/kirikiri2_mob/kirikiri2/vendor/jxrlib/current/image/sys/strcodec.c","1128","0 == (pIO->cBitsUsed % 8)"
"Kirikiroid2_1.3.9_iOS_arm64","arm64","sub_100462CC4","0x100462cc4","0x100462d90","detachISWrite","/Volumes/E/Projects/kirikiri2_mob/kirikiri2/vendor/jxrlib/current/image/sys/strcodec.c","1185","0 == (pIO->cBitsUsed % 8)"
"Kirikiroid2_1.3.9_iOS_arm64","arm64","sub_100462CC4","0x100462cc4","0x100462db0","detachISWrite","/Volumes/E/Projects/kirikiri2_mob/kirikiri2/vendor/jxrlib/current/image/sys/strcodec.c","1188","b"
"Kirikiroid2_1.3.9_iOS_arm64","arm64","sub_100462CC4","0x100462cc4","0x100462dd0","detachISWrite","/Volumes/E/Projects/kirikiri2_mob/kirikiri2/vendor/jxrlib/current/image/sys/strcodec.c","1190","b"
"Kirikiroid2_1.3.9_iOS_arm64","arm64","sub_100462E8C","0x100462e8c","0x100462f74","OutputPerfTimerReport","/Volumes/E/Projects/kirikiri2_mob/kirikiri2/vendor/jxrlib/current/image/sys/strcodec.c","1237","pState->m_fMeasurePerf"
"Kirikiroid2_1.3.9_iOS_arm64","arm64","sub_100463158","0x100463158","0x1004631b0","_getHuffShort","/Volumes/E/Projects/kirikiri2_mob/kirikiri2/vendor/jxrlib/current/image/decode/segdec.c","164","iSymbol >= 0"
"Kirikiroid2_1.3.9_iOS_arm64","arm64","sub_100463258","0x100463258","0x100463ae4","DecodeBlock","/Volumes/E/Projects/kirikiri2_mob/kirikiri2/vendor/jxrlib/current/image/decode/segdec.c","472","iSRn >= 0 && iSRn < 3"
"Kirikiroid2_1.3.9_iOS_arm64","arm64","sub_100463AEC","0x100463aec","0x100463b34","_peekBit16","/Volumes/E/Projects/kirikiri2_mob/kirikiri2/vendor/jxrlib/current/image/decode/segdec.c","73","0 <= (I32)cBits && cBits <= 16"
"Kirikiroid2_1.3.9_iOS_arm64","arm64","sub_100463B38","0x100463b38","0x100463bc8","_flushBit16","/Volumes/E/Projects/kirikiri2_mob/kirikiri2/vendor/jxrlib/current/image/decode/segdec.c","80","0 <= (I32)cBits && cBits <= 16"
"Kirikiroid2_1.3.9_iOS_arm64","arm64","sub_100463B38","0x100463b38","0x100463be8","_flushBit16","/Volumes/E/Projects/kirikiri2_mob/kirikiri2/vendor/jxrlib/current/image/decode/segdec.c","80","(pIO->iMask & 1) == 0"
"Kirikiroid2_1.3.9_iOS_arm64","arm64","sub_100464058","0x100464058","0x100464188","DecodeSignificantAbsLevel","/Volumes/E/Projects/kirikiri2_mob/kirikiri2/vendor/jxrlib/current/image/decode/segdec.c","747","iIndex <= 6"
"Kirikiroid2_1.3.9_iOS_arm64","arm64","sub_10046418C","0x10046418c","0x100464e94","DecodeBlockHighpass","/Volumes/E/Projects/kirikiri2_mob/kirikiri2/vendor/jxrlib/current/image/decode/segdec.c","539","iSRn >= 0 && iSRn < 3"
"Kirikiroid2_1.3.9_iOS_arm64","arm64","sub_10046418C","0x10046418c","0x100464eb4","DecodeCoeffs","/Volumes/E/Projects/kirikiri2_mob/kirikiri2/vendor/jxrlib/current/image/decode/segdec.c","707","pSC->m_Dparam->bSkipFlexbits == 0 || pSC->WMISCP.bfBitstreamFormat == FREQUENCY || pSC->WMISCP.sbSubband == SB_NO_FLEXBITS"
"Kirikiroid2_1.3.9_iOS_arm64","arm64","sub_10046418C","0x10046418c","0x100464ed4","DecodeBlockAdaptive","/Volumes/E/Projects/kirikiri2_mob/kirikiri2/vendor/jxrlib/current/image/decode/segdec.c","589","iTrim == 0"
"Kirikiroid2_1.3.9_iOS_arm64","arm64","sub_10046418C","0x10046418c","0x100464ef4","DecodeBlockAdaptive","/Volumes/E/Projects/kirikiri2_mob/kirikiri2/vendor/jxrlib/current/image/decode/segdec.c","590","iQP == 1"
"Kirikiroid2_1.3.9_iOS_arm64","arm64","sub_1004661DC","0x1004661dc","0x100466550","PutVLWordEsc","/Volumes/E/Projects/kirikiri2_mob/kirikiri2/vendor/jxrlib/current/image/encode/strenc.c","509","iEscape <= 0xff && iEscape > 0xfc"
"Kirikiroid2_1.3.9_iOS_arm64","arm64","sub_100467D48","0x100467d48","0x1004680b8","ImageStrEncInit","/Volumes/E/Projects/kirikiri2_mob/kirikiri2/vendor/jxrlib/current/image/encode/strenc.c","1397","b"
"Kirikiroid2_1.3.9_iOS_arm64","arm64","sub_100467D48","0x100467d48","0x1004680d8","ImageStrEncInit","/Volumes/E/Projects/kirikiri2_mob/kirikiri2/vendor/jxrlib/current/image/encode/strenc.c","1398","b"
"Kirikiroid2_1.3.9_iOS_arm64","arm64","sub_100467D48","0x100467d48","0x1004680f8","ImageStrEncInit","/Volumes/E/Projects/kirikiri2_mob/kirikiri2/vendor/jxrlib/current/image/encode/strenc.c","1399","b"
"Kirikiroid2_1.3.9_iOS_arm64","arm64","sub_100467D48","0x100467d48","0x100468118","ImageStrEncInit","/Volumes/E/Projects/kirikiri2_mob/kirikiri2/vendor/jxrlib/current/image/encode/strenc.c","1489","b"
"Kirikiroid2_1.3.9_iOS_arm64","arm64","sub_100467D48","0x100467d48","0x100468138","ImageStrEncInit","/Volumes/E/Projects/kirikiri2_mob/kirikiri2/vendor/jxrlib/current/image/encode/strenc.c","1400","b"
"Kirikiroid2_1.3.9_iOS_arm64","arm64","sub_100467D48","0x100467d48","0x100468158","ImageStrEncInit","/Volumes/E/Projects/kirikiri2_mob/kirikiri2/vendor/jxrlib/current/image/encode/strenc.c","1401","b"
"Kirikiroid2_1.3.9_iOS_arm64","arm64","sub_100468284","0x100468284","0x100468480","ImageStrEncEncode","/Volumes/E/Projects/kirikiri2_mob/kirikiri2/vendor/jxrlib/current/image/encode/strenc.c","1513","b"
"Kirikiroid2_1.3.9_iOS_arm64","arm64","sub_100468284","0x100468284","0x1004684a0","ImageStrEncEncode","/Volumes/E/Projects/kirikiri2_mob/kirikiri2/vendor/jxrlib/current/image/encode/strenc.c","1553","b"
"Kirikiroid2_1.3.9_iOS_arm64","arm64","sub_1004684A4","0x1004684a4","0x1004686dc","ImageStrEncTerm","/Volumes/E/Projects/kirikiri2_mob/kirikiri2/vendor/jxrlib/current/image/encode/strenc.c","1572","b"
"Kirikiroid2_1.3.9_iOS_arm64","arm64","sub_1004684A4","0x1004684a4","0x1004686fc","ImageStrEncTerm","/Volumes/E/Projects/kirikiri2_mob/kirikiri2/vendor/jxrlib/current/image/encode/strenc.c","1591","b"
"Kirikiroid2_1.3.9_iOS_arm64","arm64","sub_1004684A4","0x1004684a4","0x10046871c","ImageStrEncTerm","/Volumes/E/Projects/kirikiri2_mob/kirikiri2/vendor/jxrlib/current/image/encode/strenc.c","1592","b"
"Kirikiroid2_1.3.9_iOS_arm64","arm64","sub_100468BA8","0x100468ba8","0x100468e50","padHorizontally","/Volumes/E/Projects/kirikiri2_mob/kirikiri2/vendor/jxrlib/current/image/encode/strenc.c","1698","cFullChannel <= 16"
"Kirikiroid2_1.3.9_iOS_arm64","arm64","sub_100468BA8","0x100468ba8","0x100468e70","padHorizontally","/Volumes/E/Projects/kirikiri2_mob/kirikiri2/vendor/jxrlib/current/image/encode/strenc.c","1700","pSC->WMISCP.cChannel <= 16"
"Kirikiroid2_1.3.9_iOS_arm64","arm64","sub_10046932C","0x10046932c","0x10046a9bc","inputMBRow","/Volumes/E/Projects/kirikiri2_mob/kirikiri2/vendor/jxrlib/current/image/encode/strenc.c","1899","0"
"Kirikiroid2_1.3.9_iOS_arm64","arm64","sub_10046932C","0x10046932c","0x10046a9dc","inputMBRow","/Volumes/E/Projects/kirikiri2_mob/kirikiri2/vendor/jxrlib/current/image/encode/strenc.c","1856","cChannel <= 16"
"Kirikiroid2_1.3.9_iOS_arm64","arm64","sub_10046932C","0x10046932c","0x10046aa00","inputMBRow","/Volumes/E/Projects/kirikiri2_mob/kirikiri2/vendor/jxrlib/current/image/encode/strenc.c","2003","0"
"Kirikiroid2_1.3.9_iOS_arm64","arm64","sub_10046932C","0x10046932c","0x10046aa20","inputMBRow","/Volumes/E/Projects/kirikiri2_mob/kirikiri2/vendor/jxrlib/current/image/encode/strenc.c","2140","0"
"Kirikiroid2_1.3.9_iOS_arm64","arm64","sub_10046932C","0x10046932c","0x10046aa40","inputMBRow","/Volumes/E/Projects/kirikiri2_mob/kirikiri2/vendor/jxrlib/current/image/encode/strenc.c","2178","0"
"Kirikiroid2_1.3.9_iOS_arm64","arm64","sub_10046932C","0x10046932c","0x10046aa60","inputMBRow","/Volumes/E/Projects/kirikiri2_mob/kirikiri2/vendor/jxrlib/current/image/encode/strenc.c","2215","0"
"Kirikiroid2_1.3.9_iOS_arm64","arm64","sub_10046932C","0x10046932c","0x10046aa80","inputMBRow","/Volumes/E/Projects/kirikiri2_mob/kirikiri2/vendor/jxrlib/current/image/encode/strenc.c","2251","0"
"Kirikiroid2_1.3.9_iOS_arm64","arm64","sub_10046932C","0x10046932c","0x10046aaa0","inputMBRow","/Volumes/E/Projects/kirikiri2_mob/kirikiri2/vendor/jxrlib/current/image/encode/strenc.c","2288","0"
"Kirikiroid2_1.3.9_iOS_arm64","arm64","sub_10046932C","0x10046932c","0x10046aac0","inputMBRow","/Volumes/E/Projects/kirikiri2_mob/kirikiri2/vendor/jxrlib/current/image/encode/strenc.c","2296","cfExt == CF_RGB"
"Kirikiroid2_1.3.9_iOS_arm64","arm64","sub_10046932C","0x10046932c","0x10046aae0","inputMBRow","/Volumes/E/Projects/kirikiri2_mob/kirikiri2/vendor/jxrlib/current/image/encode/strenc.c","2330","cfExt == CF_RGB"
"Kirikiroid2_1.3.9_iOS_arm64","arm64","sub_10046932C","0x10046932c","0x10046ab00","inputMBRow","/Volumes/E/Projects/kirikiri2_mob/kirikiri2/vendor/jxrlib/current/image/encode/strenc.c","2313","cfExt == CF_RGB"
"Kirikiroid2_1.3.9_iOS_arm64","arm64","sub_10046932C","0x10046932c","0x10046ab20","inputMBRow","/Volumes/E/Projects/kirikiri2_mob/kirikiri2/vendor/jxrlib/current/image/encode/strenc.c","2345","cfExt == Y_ONLY"
"Kirikiroid2_1.3.9_iOS_arm64","arm64","sub_10046932C","0x10046932c","0x10046ab40","inputMBRow","/Volumes/E/Projects/kirikiri2_mob/kirikiri2/vendor/jxrlib/current/image/encode/strenc.c","2086","0"
"Kirikiroid2_1.3.9_iOS_arm64","arm64","sub_10046932C","0x10046932c","0x10046ab60","inputMBRow","/Volumes/E/Projects/kirikiri2_mob/kirikiri2/vendor/jxrlib/current/image/encode/strenc.c","1928","cChannel <= 16"
"Kirikiroid2_1.3.9_iOS_arm64","arm64","sub_10046932C","0x10046932c","0x10046ab80","inputMBRow","/Volumes/E/Projects/kirikiri2_mob/kirikiri2/vendor/jxrlib/current/image/encode/strenc.c","1909","pSC->m_bSecondary == FALSE"
"Kirikiroid2_1.3.9_iOS_arm64","arm64","sub_10046AD6C","0x10046ad6c","0x10046ae88","initPostProc","/Volumes/E/Projects/kirikiri2_mob/kirikiri2/vendor/jxrlib/current/image/decode/postprocess.c","65","strPostProcInfo[j][i] != NULL"
"Kirikiroid2_1.3.9_iOS_arm64","arm64","sub_100471398","0x100471398","0x1004714e4","EncodeSignificantAbsLevel","/Volumes/E/Projects/kirikiri2_mob/kirikiri2/vendor/jxrlib/current/image/encode/segenc.c","70","iFixed < 30"
"Kirikiroid2_1.3.9_iOS_arm64","arm64","sub_100471398","0x100471398","0x100471504","EncodeSignificantAbsLevel","/Volumes/E/Projects/kirikiri2_mob/kirikiri2/vendor/jxrlib/current/image/encode/segenc.c","60","iAbsLevel > 0"
"Kirikiroid2_1.3.9_iOS_arm64","arm64","sub_100472214","0x100472214","0x100472cec","CodeCoeffs","/Volumes/E/Projects/kirikiri2_mob/kirikiri2/vendor/jxrlib/current/image/encode/segenc.c","949","iModelBits < 16"
"Kirikiroid2_1.3.9_iOS_arm64","arm64","sub_100472214","0x100472214","0x100472d0c","CodeCoeffs","/Volumes/E/Projects/kirikiri2_mob/kirikiri2/vendor/jxrlib/current/image/encode/segenc.c","862","iModelBits < 16"
"Kirikiroid2_1.3.9_iOS_arm64","arm64","sub_100A249B0","0x100a249b0","0x100a28388","ready_residue","src/libavcodec/vorbisenc.c","216","cb->ndimensions >= 2"
"Kirikiroid2_1.3.9_iOS_arm64","arm64","sub_100A249B0","0x100a249b0","0x100a283a8","ready_residue","src/libavcodec/vorbisenc.c","217","cb->lookup"
"Kirikiroid2_1.3.9_iOS_arm64","arm64","sub_100A283FC","0x100a283fc","0x100a29cc4","floor_encode","src/libavcodec/vorbisenc.c","826","l != csub"
"Kirikiroid2_1.3.9_iOS_arm64","arm64","sub_100A283FC","0x100a283fc","0x100a29ce8","residue_encode","src/libavcodec/vorbisenc.c","924","rc->type == 0 || rc->type == 2"
"Kirikiroid2_1.3.9_iOS_arm64","arm64","sub_100A283FC","0x100a283fc","0x100a29d08","residue_encode","src/libavcodec/vorbisenc.c","925","!(psize % book->ndimensions)"
"Kirikiroid2_1.3.9_iOS_arm64","arm64","sub_100A2A190","0x100a2a190","0x100a2a324","put_vector","src/libavcodec/vorbisenc.c","857","book->dimensions"
"Kirikiroid2_1.3.9_iOS_arm64","arm64","sub_100C0E53C","0x100c0e53c","0x100c0fa3c","asf_parse_packet","src/libavformat/asfdec_f.c","1220","ret >= 0"
"Kirikiroid2_1.3.9_iOS_arm64","arm64","sub_100C0E53C","0x100c0e53c","0x100c0fa5c","asf_read_packet","src/libavformat/asfdec_f.c","1446","asf->packet_size_left < FRAME_HEADER_SIZE || asf->packet_segments < 1"
"Kirikiroid2_1.3.9_iOS_arm64","arm64","sub_100C0E53C","0x100c0e53c","0x100c0fa7c","asf_parse_packet","src/libavformat/asfdec_f.c","1408","offset + asf_st->ds_chunk_size <= asf_st->pkt.size"
"Kirikiroid2_1.3.9_iOS_arm64","arm64","sub_100C0E53C","0x100c0e53c","0x100c0fa9c","asf_parse_packet","src/libavformat/asfdec_f.c","1409","idx + 1 <= asf_st->pkt.size / asf_st->ds_chunk_size"
"Kirikiroid2_1.3.9_iOS_arm64","arm64","sub_100E1B008","0x100e1b008","0x100e1b0ac","addLine","/Volumes/E/Projects/kirikiri2_mob/kirikiri2/src/core/environ/ui/ConsoleWindow.cpp","24","TVPMainThreadID == std::this_thread::get_id()"
"Kirikiroid2_1.3.9_iOS_armv7","armv7","sub_CF230","0xcf230","0xcf35e","NotifyBitmapCompleted","/Volumes/E/Projects/kirikiri2_mob/kirikiri2/src/core/visual/BitmapLayerTreeOwner.cpp","63","BitmapNI"
"Kirikiroid2_1.3.9_iOS_armv7","armv7","sub_E8308","0xe8308","0xe8616","CreateVariant","/Volumes/E/Projects/kirikiri2_mob/kirikiri2/src/plugins/PSBFile.cpp","400","result->AsObjectNoAddRef()"
"Kirikiroid2_1.3.9_iOS_armv7","armv7","sub_E8E60","0xe8e60","0xe8f5a","PropGetByNum","/Volumes/E/Projects/kirikiri2_mob/kirikiri2/src/plugins/PSBFile.cpp","613","result->AsObjectNoAddRef()"
"Kirikiroid2_1.3.9_iOS_armv7","armv7","sub_E8F60","0xe8f60","0xe9114","PropGet","/Volumes/E/Projects/kirikiri2_mob/kirikiri2/src/plugins/PSBFile.cpp","632","result->AsObjectNoAddRef()"
"Kirikiroid2_1.3.9_iOS_armv7","armv7","sub_EC2AC","0xec2ac","0xec366","ripemd160_process","/Volumes/E/Projects/kirikiri2_mob/kirikiri2/src/plugins/ripemd160.c","280","p != NULL && length >= 0"
"Kirikiroid2_1.3.9_iOS_armv7","armv7","sub_EC2AC","0xec2ac","0xec38c","ripemd160_process","/Volumes/E/Projects/kirikiri2_mob/kirikiri2/src/plugins/ripemd160.c","283","self->bufpos < 64"
"Kirikiroid2_1.3.9_iOS_armv7","armv7","sub_EC390","0xec390","0xec876","ripemd160_compress","/Volumes/E/Projects/kirikiri2_mob/kirikiri2/src/plugins/ripemd160.c","192","self->bufpos == 64"
"Kirikiroid2_1.3.9_iOS_armv7","armv7","sub_1C906C","0x1c906c","0x1c9158","xp3Access","/Volumes/E/Projects/kirikiri2_mob/kirikiri2/src/plugins/sqlite3/xp3_vfs.cpp","293","!""Invalid flags argument"""
"Kirikiroid2_1.3.9_iOS_armv7","armv7","sub_1CF16C","0x1cf16c","0x1cf1d6","build_codes","/Volumes/E/Projects/kirikiri2_mob/kirikiri2/src/plugins/AlphaMovie.cpp","306","nb + k <= 256"
"Kirikiroid2_1.3.9_iOS_armv7","armv7","sub_1D1190","0x1d1190","0x1d124a","DecodeFirstValue","/Volumes/E/Projects/kirikiri2_mob/kirikiri2/src/plugins/AlphaMovie.cpp","460","s > 0"
"Kirikiroid2_1.3.9_iOS_armv7","armv7","sub_1D124E","0x1d124e","0x1d1354","DecodeAC","/Volumes/E/Projects/kirikiri2_mob/kirikiri2/src/plugins/AlphaMovie.cpp","397","s > 0"
"Kirikiroid2_1.3.9_iOS_armv7","armv7","sub_1D13B4","0x1d13b4","0x1d1432","Decode1","/Volumes/E/Projects/kirikiri2_mob/kirikiri2/src/plugins/AlphaMovie.cpp","433","l <= 16"
"Kirikiroid2_1.3.9_iOS_armv7","armv7","sub_220668","0x220668","0x220886","tTVPSoundBufferAL","/Volumes/E/Projects/kirikiri2_mob/kirikiri2/src/core/sound/win32/WaveMixer.cpp","495","false"
"Kirikiroid2_1.3.9_iOS_armv7","armv7","sub_220668","0x220668","0x2208b0","tTVPSoundBufferAL","/Volumes/E/Projects/kirikiri2_mob/kirikiri2/src/core/sound/win32/WaveMixer.cpp","481","false"
"Kirikiroid2_1.3.9_iOS_armv7","armv7","sub_220668","0x220668","0x2208da","tTVPSoundBufferAL","/Volumes/E/Projects/kirikiri2_mob/kirikiri2/src/core/sound/win32/WaveMixer.cpp","492","false"
"Kirikiroid2_1.3.9_iOS_armv7","armv7","sub_250A18","0x250a18","0x250b68","round_int","/Volumes/E/Projects/kirikiri2_mob/kirikiri2/src/core/movie/ffmpeg/MathUtils.h","46","x > static_cast<double>((int) (INT_MIN / 2)) - 1.0"
"Kirikiroid2_1.3.9_iOS_armv7","armv7","sub_250A18","0x250a18","0x250b8c","round_int","/Volumes/E/Projects/kirikiri2_mob/kirikiri2/src/core/movie/ffmpeg/MathUtils.h","47","x < static_cast<double>((int) (INT_MAX / 2)) + 1.0"
"Kirikiroid2_1.3.9_iOS_armv7","armv7","sub_250D38","0x250d38","0x250dba","round_int","/Volumes/E/Projects/kirikiri2_mob/kirikiri2/src/core/movie/ffmpeg/MathUtils.h","46","x > static_cast<double>((int) (INT_MIN / 2)) - 1.0"
"Kirikiroid2_1.3.9_iOS_armv7","armv7","sub_250D38","0x250d38","0x250dde","round_int","/Volumes/E/Projects/kirikiri2_mob/kirikiri2/src/core/movie/ffmpeg/MathUtils.h","47","x < static_cast<double>((int) (INT_MAX / 2)) + 1.0"
"Kirikiroid2_1.3.9_iOS_armv7","armv7","sub_262BE0","0x262be0","0x262dc2","InitResample","/Volumes/E/Projects/kirikiri2_mob/kirikiri2/src/core/movie/ffmpeg/AEFactory.cpp","90","swr_ctx && result >= 0"
"Kirikiroid2_1.3.9_iOS_armv7","armv7","sub_26F088","0x26f088","0x26f0d6","Release","/Volumes/E/Projects/kirikiri2_mob/kirikiri2/src/core/movie/ffmpeg/Ref.h","25","count >= 0"
"Kirikiroid2_1.3.9_iOS_armv7","armv7","sub_29BABA","0x29baba","0x29c096","EncodeRgb4Bpp","/Volumes/E/Projects/kirikiri2_mob/kirikiri2/src/core/visual/ogl/pvrtc.cpp","749","bitmap.GetBitmapWidth() == bitmap.GetBitmapHeight()"
"Kirikiroid2_1.3.9_iOS_armv7","armv7","sub_29BABA","0x29baba","0x29c0bc","EncodeRgb4Bpp","/Volumes/E/Projects/kirikiri2_mob/kirikiri2/src/core/visual/ogl/pvrtc.cpp","750","BitUtility::IsPowerOf2(bitmap.GetBitmapWidth())"
"Kirikiroid2_1.3.9_iOS_armv7","armv7","sub_29C0C0","0x29c0c0","0x29c6ea","EncodeRgba4Bpp","/Volumes/E/Projects/kirikiri2_mob/kirikiri2/src/core/visual/ogl/pvrtc.cpp","865","bitmap.GetBitmapWidth() == bitmap.GetBitmapHeight()"
"Kirikiroid2_1.3.9_iOS_armv7","armv7","sub_29C0C0","0x29c0c0","0x29c710","EncodeRgba4Bpp","/Volumes/E/Projects/kirikiri2_mob/kirikiri2/src/core/visual/ogl/pvrtc.cpp","866","BitUtility::IsPowerOf2(bitmap.GetBitmapWidth())"
"Kirikiroid2_1.3.9_iOS_armv7","armv7","sub_2B938C","0x2b938c","0x2b93da","Release","/Volumes/E/Projects/kirikiri2_mob/kirikiri2/src/core/movie/ffmpeg/Ref.h","25","count >= 0"
"Kirikiroid2_1.3.9_iOS_armv7","armv7","sub_2E3588","0x2e3588","0x2e35ae","AsTarget","/Volumes/E/Projects/kirikiri2_mob/kirikiri2/src/core/visual/ogl/RenderManager_ogl.cpp","969","false"
"Kirikiroid2_1.3.9_iOS_armv7","armv7","sub_2ED088","0x2ed088","0x2ed0ae","SetSize","/Volumes/E/Projects/kirikiri2_mob/kirikiri2/src/core/visual/ogl/RenderManager_ogl.cpp","1461","false"
"Kirikiroid2_1.3.9_iOS_armv7","armv7","sub_2ED0B2","0x2ed0b2","0x2ed0d8","GetScanLineForWrite","/Volumes/E/Projects/kirikiri2_mob/kirikiri2/src/core/visual/ogl/RenderManager_ogl.cpp","1446","false"
"Kirikiroid2_1.3.9_iOS_armv7","armv7","sub_2ED240","0x2ed240","0x2ed536","tTVPOGLTexture2D_mutatble","/Volumes/E/Projects/kirikiri2_mob/kirikiri2/src/core/visual/ogl/RenderManager_ogl.cpp","1483","sw == 1.f && sh == 1.f"
"Kirikiroid2_1.3.9_iOS_armv7","armv7","sub_2F1158","0x2f1158","0x2f1364","UpdateTextureData","/Volumes/E/Projects/kirikiri2_mob/kirikiri2/src/core/visual/ogl/RenderManager_ogl.cpp","1148","texinfo.Width <= GetMaxTextureWidth()"
"Kirikiroid2_1.3.9_iOS_armv7","armv7","sub_2FA82C","0x2fa82c","0x2fb130","getGlyphOutline","/Volumes/E/Projects/kirikiri2_mob/kirikiri2/src/plugins/LayerExDraw.cpp","2156","false"
"Kirikiroid2_1.3.9_iOS_armv7","armv7","sub_2FA82C","0x2fa82c","0x2fb15a","getGlyphOutline","/Volumes/E/Projects/kirikiri2_mob/kirikiri2/src/plugins/LayerExDraw.cpp","2141","header + 2 <= last"
"Kirikiroid2_1.3.9_iOS_armv7","armv7","sub_2FA82C","0x2fa82c","0x2fb184","getGlyphOutline","/Volumes/E/Projects/kirikiri2_mob/kirikiri2/src/plugins/LayerExDraw.cpp","2144","FT_CURVE_TAG(*tags) == FT_CURVE_TAG_CUBIC"
"Kirikiroid2_1.3.9_iOS_armv7","armv7","sub_2FA82C","0x2fa82c","0x2fb1ae","getGlyphOutline","/Volumes/E/Projects/kirikiri2_mob/kirikiri2/src/plugins/LayerExDraw.cpp","2147","FT_CURVE_TAG(*tags) == FT_CURVE_TAG_CUBIC"
"Kirikiroid2_1.3.9_iOS_armv7","armv7","sub_2FA82C","0x2fa82c","0x2fb1d8","getGlyphOutline","/Volumes/E/Projects/kirikiri2_mob/kirikiri2/src/plugins/LayerExDraw.cpp","2150","FT_CURVE_TAG(*tags) == FT_CURVE_TAG_ON"
"Kirikiroid2_1.3.9_iOS_armv7","armv7","sub_2FA82C","0x2fa82c","0x2fb202","getGlyphOutline","/Volumes/E/Projects/kirikiri2_mob/kirikiri2/src/plugins/LayerExDraw.cpp","2084","FT_CURVE_TAG(*tags) == FT_CURVE_TAG_ON || FT_CURVE_TAG(*tags) == FT_CURVE_TAG_CONIC"
"Kirikiroid2_1.3.9_iOS_armv7","armv7","sub_328484","0x328484","0x328678","round_int","/Volumes/E/Projects/kirikiri2_mob/kirikiri2/src/core/movie/ffmpeg/MathUtils.h","46","x > static_cast<double>((int) (INT_MIN / 2)) - 1.0"
"Kirikiroid2_1.3.9_iOS_armv7","armv7","sub_328484","0x328484","0x3286a0","round_int","/Volumes/E/Projects/kirikiri2_mob/kirikiri2/src/core/movie/ffmpeg/MathUtils.h","47","x < static_cast<double>((int) (INT_MAX / 2)) + 1.0"
"Kirikiroid2_1.3.9_iOS_armv7","armv7","sub_328484","0x328484","0x3286c8","round_int","/Volumes/E/Projects/kirikiri2_mob/kirikiri2/src/core/movie/ffmpeg/MathUtils.h","46","x > static_cast<double>((int) (INT_MIN / 2)) - 1.0"
"Kirikiroid2_1.3.9_iOS_armv7","armv7","sub_328484","0x328484","0x3286f0","round_int","/Volumes/E/Projects/kirikiri2_mob/kirikiri2/src/core/movie/ffmpeg/MathUtils.h","47","x < static_cast<double>((int) (INT_MAX / 2)) + 1.0"
"Kirikiroid2_1.3.9_iOS_armv7","armv7","sub_328484","0x328484","0x328718","round_int","/Volumes/E/Projects/kirikiri2_mob/kirikiri2/src/core/movie/ffmpeg/MathUtils.h","46","x > static_cast<double>((int) (INT_MIN / 2)) - 1.0"
"Kirikiroid2_1.3.9_iOS_armv7","armv7","sub_328484","0x328484","0x328740","round_int","/Volumes/E/Projects/kirikiri2_mob/kirikiri2/src/core/movie/ffmpeg/MathUtils.h","47","x < static_cast<double>((int) (INT_MAX / 2)) + 1.0"
"Kirikiroid2_1.3.9_iOS_armv7","armv7","sub_328C88","0x328c88","0x328dbe","RegisterRenderMethod","/Volumes/E/Projects/kirikiri2_mob/kirikiri2/src/core/visual/RenderManager.cpp","2375","method && AllMethods.find(hash) == AllMethods.end()"
"Kirikiroid2_1.3.9_iOS_armv7","armv7","sub_329014","0x329014","0x32907e","CompileRenderMethod","/Volumes/E/Projects/kirikiri2_mob/kirikiri2/src/core/visual/RenderManager.cpp","2382","it == AllMethods.end()"
"Kirikiroid2_1.3.9_iOS_armv7","armv7","sub_32CAFC","0x32cafc","0x32d810","OperateTriangles","/Volumes/E/Projects/kirikiri2_mob/kirikiri2/src/core/visual/RenderManager.cpp","3136","textures.size() == 1"
"Kirikiroid2_1.3.9_iOS_armv7","armv7","sub_32DC10","0x32dc10","0x32e486","OperatePerspective","/Volumes/E/Projects/kirikiri2_mob/kirikiri2/src/core/visual/RenderManager.cpp","4283","textures.size() == 1"
"Kirikiroid2_1.3.9_iOS_armv7","armv7","sub_32E710","0x32e710","0x32e810","Update","/Volumes/E/Projects/kirikiri2_mob/kirikiri2/src/core/visual/RenderManager.cpp","869","rc.left == 0"
"Kirikiroid2_1.3.9_iOS_armv7","armv7","sub_32E9BC","0x32e9bc","0x32ea14","Update","/Volumes/E/Projects/kirikiri2_mob/kirikiri2/src/core/visual/RenderManager.cpp","337","rc.left == 0 && rc.top == 0 && Format == format"
"Kirikiroid2_1.3.9_iOS_armv7","armv7","sub_32EA40","0x32ea40","0x32ea66","SetPoint","/Volumes/E/Projects/kirikiri2_mob/kirikiri2/src/core/visual/RenderManager.cpp","347","false"
"Kirikiroid2_1.3.9_iOS_armv7","armv7","sub_32F518","0x32f518","0x32f53e","GetScanLineForWrite","/Volumes/E/Projects/kirikiri2_mob/kirikiri2/src/core/visual/RenderManager.cpp","449","0"
"Kirikiroid2_1.3.9_iOS_armv7","armv7","sub_32F542","0x32f542","0x32f568","Update","/Volumes/E/Projects/kirikiri2_mob/kirikiri2/src/core/visual/RenderManager.cpp","454","0"
"Kirikiroid2_1.3.9_iOS_armv7","armv7","sub_33031C","0x33031c","0x33038e","DecompressLineData","/Volumes/E/Projects/kirikiri2_mob/kirikiri2/src/core/visual/RenderManager.cpp","629","n == blk.Length"
"Kirikiroid2_1.3.9_iOS_armv7","armv7","sub_3307E0","0x3307e0","0x3309a8","DecompressLineData","/Volumes/E/Projects/kirikiri2_mob/kirikiri2/src/core/visual/RenderManager.cpp","745","n == blk.Length"
"Kirikiroid2_1.3.9_iOS_armv7","armv7","sub_330F76","0x330f76","0x3310fa","DoRender","/Volumes/E/Projects/kirikiri2_mob/kirikiri2/src/core/visual/RenderManager.cpp","953","_tar == _dst && rctar == rcdst"
"Kirikiroid2_1.3.9_iOS_armv7","armv7","sub_330F76","0x330f76","0x331120","DoRender","/Volumes/E/Projects/kirikiri2_mob/kirikiri2/src/core/visual/RenderManager.cpp","955","h == rcdst.get_height() && w == rcdst.get_width()"
"Kirikiroid2_1.3.9_iOS_armv7","armv7","sub_331194","0x331194","0x331318","DoRender","/Volumes/E/Projects/kirikiri2_mob/kirikiri2/src/core/visual/RenderManager.cpp","953","_tar == _dst && rctar == rcdst"
"Kirikiroid2_1.3.9_iOS_armv7","armv7","sub_331194","0x331194","0x33133e","DoRender","/Volumes/E/Projects/kirikiri2_mob/kirikiri2/src/core/visual/RenderManager.cpp","955","h == rcdst.get_height() && w == rcdst.get_width()"
"Kirikiroid2_1.3.9_iOS_armv7","armv7","sub_3313AE","0x3313ae","0x331532","DoRender","/Volumes/E/Projects/kirikiri2_mob/kirikiri2/src/core/visual/RenderManager.cpp","953","_tar == _dst && rctar == rcdst"
"Kirikiroid2_1.3.9_iOS_armv7","armv7","sub_3313AE","0x3313ae","0x331558","DoRender","/Volumes/E/Projects/kirikiri2_mob/kirikiri2/src/core/visual/RenderManager.cpp","955","h == rcdst.get_height() && w == rcdst.get_width()"
"Kirikiroid2_1.3.9_iOS_armv7","armv7","sub_3315AA","0x3315aa","0x331702","DoRender","/Volumes/E/Projects/kirikiri2_mob/kirikiri2/src/core/visual/RenderManager.cpp","987","_tar == _dst && rctar == rcdst"
"Kirikiroid2_1.3.9_iOS_armv7","armv7","sub_3315AA","0x3315aa","0x331728","DoRender","/Volumes/E/Projects/kirikiri2_mob/kirikiri2/src/core/visual/RenderManager.cpp","989","h == rcdst.get_height() && w == rcdst.get_width()"
"Kirikiroid2_1.3.9_iOS_armv7","armv7","sub_332A44","0x332a44","0x332e24","DoRender","/Volumes/E/Projects/kirikiri2_mob/kirikiri2/src/core/visual/RenderManager.cpp","1315","rcsrc.get_width() == w && rcsrc.get_height() == -h"
"Kirikiroid2_1.3.9_iOS_armv7","armv7","sub_332A44","0x332a44","0x332e50","DoRender","/Volumes/E/Projects/kirikiri2_mob/kirikiri2/src/core/visual/RenderManager.cpp","1377","w == rctar.get_width() && h == rctar.get_height()"
"Kirikiroid2_1.3.9_iOS_armv7","armv7","sub_332A44","0x332a44","0x332e7c","DoRender","/Volumes/E/Projects/kirikiri2_mob/kirikiri2/src/core/visual/RenderManager.cpp","1341","rcsrc.get_width() == -w && rcsrc.get_height() == h"
"Kirikiroid2_1.3.9_iOS_armv7","armv7","sub_333120","0x333120","0x3332ca","DoRender","/Volumes/E/Projects/kirikiri2_mob/kirikiri2/src/core/visual/RenderManager.cpp","1246","w == rctar.get_width() && h == rctar.get_height()"
"Kirikiroid2_1.3.9_iOS_armv7","armv7","sub_333590","0x333590","0x33373a","DoRender","/Volumes/E/Projects/kirikiri2_mob/kirikiri2/src/core/visual/RenderManager.cpp","1246","w == rctar.get_width() && h == rctar.get_height()"
"Kirikiroid2_1.3.9_iOS_armv7","armv7","sub_333A00","0x333a00","0x333b84","DoRender","/Volumes/E/Projects/kirikiri2_mob/kirikiri2/src/core/visual/RenderManager.cpp","1473","_tar == _dst && rctar == rcdst"
"Kirikiroid2_1.3.9_iOS_armv7","armv7","sub_333A00","0x333a00","0x333bb0","DoRender","/Volumes/E/Projects/kirikiri2_mob/kirikiri2/src/core/visual/RenderManager.cpp","1474","w == rctar.get_width() && h == rctar.get_height()"
"Kirikiroid2_1.3.9_iOS_armv7","armv7","sub_33406E","0x33406e","0x33411e","DoRender","/Volumes/E/Projects/kirikiri2_mob/kirikiri2/src/core/visual/RenderManager.cpp","1778","rctar.get_width() == w && rctar.get_height() == h"
"Kirikiroid2_1.3.9_iOS_armv7","armv7","sub_334180","0x334180","0x334230","DoRender","/Volumes/E/Projects/kirikiri2_mob/kirikiri2/src/core/visual/RenderManager.cpp","1778","rctar.get_width() == w && rctar.get_height() == h"
"Kirikiroid2_1.3.9_iOS_armv7","armv7","sub_334288","0x334288","0x3343fc","DoRender","/Volumes/E/Projects/kirikiri2_mob/kirikiri2/src/core/visual/RenderManager.cpp","1530","w == rcdst.get_width() && h == rcdst.get_height()"
"Kirikiroid2_1.3.9_iOS_armv7","armv7","sub_334288","0x334288","0x334428","DoRender","/Volumes/E/Projects/kirikiri2_mob/kirikiri2/src/core/visual/RenderManager.cpp","1531","w == rctar.get_width() && h == rctar.get_height()"
"Kirikiroid2_1.3.9_iOS_armv7","armv7","sub_3346CC","0x3346cc","0x334840","DoRender","/Volumes/E/Projects/kirikiri2_mob/kirikiri2/src/core/visual/RenderManager.cpp","1530","w == rcdst.get_width() && h == rcdst.get_height()"
"Kirikiroid2_1.3.9_iOS_armv7","armv7","sub_3346CC","0x3346cc","0x33486c","DoRender","/Volumes/E/Projects/kirikiri2_mob/kirikiri2/src/core/visual/RenderManager.cpp","1531","w == rctar.get_width() && h == rctar.get_height()"
"Kirikiroid2_1.3.9_iOS_armv7","armv7","sub_334B10","0x334b10","0x334c84","DoRender","/Volumes/E/Projects/kirikiri2_mob/kirikiri2/src/core/visual/RenderManager.cpp","1530","w == rcdst.get_width() && h == rcdst.get_height()"
"Kirikiroid2_1.3.9_iOS_armv7","armv7","sub_334B10","0x334b10","0x334cb0","DoRender","/Volumes/E/Projects/kirikiri2_mob/kirikiri2/src/core/visual/RenderManager.cpp","1531","w == rctar.get_width() && h == rctar.get_height()"
"Kirikiroid2_1.3.9_iOS_armv7","armv7","sub_33505C","0x33505c","0x3351e2","DoRender","/Volumes/E/Projects/kirikiri2_mob/kirikiri2/src/core/visual/RenderManager.cpp","1601","w == rcdst.get_width() && h == rcdst.get_height()"
"Kirikiroid2_1.3.9_iOS_armv7","armv7","sub_33505C","0x33505c","0x33520e","DoRender","/Volumes/E/Projects/kirikiri2_mob/kirikiri2/src/core/visual/RenderManager.cpp","1602","w == rctar.get_width() && h == rctar.get_height()"
"Kirikiroid2_1.3.9_iOS_armv7","armv7","sub_3355E0","0x3355e0","0x335766","DoRender","/Volumes/E/Projects/kirikiri2_mob/kirikiri2/src/core/visual/RenderManager.cpp","1601","w == rcdst.get_width() && h == rcdst.get_height()"
"Kirikiroid2_1.3.9_iOS_armv7","armv7","sub_3355E0","0x3355e0","0x335792","DoRender","/Volumes/E/Projects/kirikiri2_mob/kirikiri2/src/core/visual/RenderManager.cpp","1602","w == rctar.get_width() && h == rctar.get_height()"
"Kirikiroid2_1.3.9_iOS_armv7","armv7","sub_335B64","0x335b64","0x335cea","DoRender","/Volumes/E/Projects/kirikiri2_mob/kirikiri2/src/core/visual/RenderManager.cpp","1601","w == rcdst.get_width() && h == rcdst.get_height()"
"Kirikiroid2_1.3.9_iOS_armv7","armv7","sub_335B64","0x335b64","0x335d16","DoRender","/Volumes/E/Projects/kirikiri2_mob/kirikiri2/src/core/visual/RenderManager.cpp","1602","w == rctar.get_width() && h == rctar.get_height()"
"Kirikiroid2_1.3.9_iOS_armv7","armv7","sub_3361F0","0x3361f0","0x336374","DoRender","/Volumes/E/Projects/kirikiri2_mob/kirikiri2/src/core/visual/RenderManager.cpp","1473","_tar == _dst && rctar == rcdst"
"Kirikiroid2_1.3.9_iOS_armv7","armv7","sub_3361F0","0x3361f0","0x3363a0","DoRender","/Volumes/E/Projects/kirikiri2_mob/kirikiri2/src/core/visual/RenderManager.cpp","1474","w == rctar.get_width() && h == rctar.get_height()"
"Kirikiroid2_1.3.9_iOS_armv7","armv7","sub_336890","0x336890","0x336a14","DoRender","/Volumes/E/Projects/kirikiri2_mob/kirikiri2/src/core/visual/RenderManager.cpp","1473","_tar == _dst && rctar == rcdst"
"Kirikiroid2_1.3.9_iOS_armv7","armv7","sub_336890","0x336890","0x336a40","DoRender","/Volumes/E/Projects/kirikiri2_mob/kirikiri2/src/core/visual/RenderManager.cpp","1474","w == rctar.get_width() && h == rctar.get_height()"
"Kirikiroid2_1.3.9_iOS_armv7","armv7","sub_336E10","0x336e10","0x336f94","DoRender","/Volumes/E/Projects/kirikiri2_mob/kirikiri2/src/core/visual/RenderManager.cpp","1473","_tar == _dst && rctar == rcdst"
"Kirikiroid2_1.3.9_iOS_armv7","armv7","sub_336E10","0x336e10","0x336fc0","DoRender","/Volumes/E/Projects/kirikiri2_mob/kirikiri2/src/core/visual/RenderManager.cpp","1474","w == rctar.get_width() && h == rctar.get_height()"
"Kirikiroid2_1.3.9_iOS_armv7","armv7","sub_337390","0x337390","0x337514","DoRender","/Volumes/E/Projects/kirikiri2_mob/kirikiri2/src/core/visual/RenderManager.cpp","1473","_tar == _dst && rctar == rcdst"
"Kirikiroid2_1.3.9_iOS_armv7","armv7","sub_337390","0x337390","0x337540","DoRender","/Volumes/E/Projects/kirikiri2_mob/kirikiri2/src/core/visual/RenderManager.cpp","1474","w == rctar.get_width() && h == rctar.get_height()"
"Kirikiroid2_1.3.9_iOS_armv7","armv7","sub_3377F0","0x3377f0","0x337974","DoRender","/Volumes/E/Projects/kirikiri2_mob/kirikiri2/src/core/visual/RenderManager.cpp","1473","_tar == _dst && rctar == rcdst"
"Kirikiroid2_1.3.9_iOS_armv7","armv7","sub_3377F0","0x3377f0","0x3379a0","DoRender","/Volumes/E/Projects/kirikiri2_mob/kirikiri2/src/core/visual/RenderManager.cpp","1474","w == rctar.get_width() && h == rctar.get_height()"
"Kirikiroid2_1.3.9_iOS_armv7","armv7","sub_337D70","0x337d70","0x337ef4","DoRender","/Volumes/E/Projects/kirikiri2_mob/kirikiri2/src/core/visual/RenderManager.cpp","1473","_tar == _dst && rctar == rcdst"
"Kirikiroid2_1.3.9_iOS_armv7","armv7","sub_337D70","0x337d70","0x337f20","DoRender","/Volumes/E/Projects/kirikiri2_mob/kirikiri2/src/core/visual/RenderManager.cpp","1474","w == rctar.get_width() && h == rctar.get_height()"
"Kirikiroid2_1.3.9_iOS_armv7","armv7","sub_3381D0","0x3381d0","0x338354","DoRender","/Volumes/E/Projects/kirikiri2_mob/kirikiri2/src/core/visual/RenderManager.cpp","1473","_tar == _dst && rctar == rcdst"
"Kirikiroid2_1.3.9_iOS_armv7","armv7","sub_3381D0","0x3381d0","0x338380","DoRender","/Volumes/E/Projects/kirikiri2_mob/kirikiri2/src/core/visual/RenderManager.cpp","1474","w == rctar.get_width() && h == rctar.get_height()"
"Kirikiroid2_1.3.9_iOS_armv7","armv7","sub_338870","0x338870","0x3389f2","DoRender","/Volumes/E/Projects/kirikiri2_mob/kirikiri2/src/core/visual/RenderManager.cpp","1473","_tar == _dst && rctar == rcdst"
"Kirikiroid2_1.3.9_iOS_armv7","armv7","sub_338870","0x338870","0x338a1e","DoRender","/Volumes/E/Projects/kirikiri2_mob/kirikiri2/src/core/visual/RenderManager.cpp","1474","w == rctar.get_width() && h == rctar.get_height()"
"Kirikiroid2_1.3.9_iOS_armv7","armv7","sub_338CCC","0x338ccc","0x338e50","DoRender","/Volumes/E/Projects/kirikiri2_mob/kirikiri2/src/core/visual/RenderManager.cpp","1473","_tar == _dst && rctar == rcdst"
"Kirikiroid2_1.3.9_iOS_armv7","armv7","sub_338CCC","0x338ccc","0x338e7c","DoRender","/Volumes/E/Projects/kirikiri2_mob/kirikiri2/src/core/visual/RenderManager.cpp","1474","w == rctar.get_width() && h == rctar.get_height()"
"Kirikiroid2_1.3.9_iOS_armv7","armv7","sub_33912C","0x33912c","0x3392b0","DoRender","/Volumes/E/Projects/kirikiri2_mob/kirikiri2/src/core/visual/RenderManager.cpp","1473","_tar == _dst && rctar == rcdst"
"Kirikiroid2_1.3.9_iOS_armv7","armv7","sub_33912C","0x33912c","0x3392dc","DoRender","/Volumes/E/Projects/kirikiri2_mob/kirikiri2/src/core/visual/RenderManager.cpp","1474","w == rctar.get_width() && h == rctar.get_height()"
"Kirikiroid2_1.3.9_iOS_armv7","armv7","sub_33958C","0x33958c","0x339710","DoRender","/Volumes/E/Projects/kirikiri2_mob/kirikiri2/src/core/visual/RenderManager.cpp","1473","_tar == _dst && rctar == rcdst"
"Kirikiroid2_1.3.9_iOS_armv7","armv7","sub_33958C","0x33958c","0x33973c","DoRender","/Volumes/E/Projects/kirikiri2_mob/kirikiri2/src/core/visual/RenderManager.cpp","1474","w == rctar.get_width() && h == rctar.get_height()"
"Kirikiroid2_1.3.9_iOS_armv7","armv7","sub_339C08","0x339c08","0x339d8c","DoRender","/Volumes/E/Projects/kirikiri2_mob/kirikiri2/src/core/visual/RenderManager.cpp","1473","_tar == _dst && rctar == rcdst"
"Kirikiroid2_1.3.9_iOS_armv7","armv7","sub_339C08","0x339c08","0x339db8","DoRender","/Volumes/E/Projects/kirikiri2_mob/kirikiri2/src/core/visual/RenderManager.cpp","1474","w == rctar.get_width() && h == rctar.get_height()"
"Kirikiroid2_1.3.9_iOS_armv7","armv7","sub_33A968","0x33a968","0x33aaec","DoRender","/Volumes/E/Projects/kirikiri2_mob/kirikiri2/src/core/visual/RenderManager.cpp","1473","_tar == _dst && rctar == rcdst"
"Kirikiroid2_1.3.9_iOS_armv7","armv7","sub_33A968","0x33a968","0x33ab18","DoRender","/Volumes/E/Projects/kirikiri2_mob/kirikiri2/src/core/visual/RenderManager.cpp","1474","w == rctar.get_width() && h == rctar.get_height()"
"Kirikiroid2_1.3.9_iOS_armv7","armv7","sub_33ADC8","0x33adc8","0x33af4c","DoRender","/Volumes/E/Projects/kirikiri2_mob/kirikiri2/src/core/visual/RenderManager.cpp","1473","_tar == _dst && rctar == rcdst"
"Kirikiroid2_1.3.9_iOS_armv7","armv7","sub_33ADC8","0x33adc8","0x33af78","DoRender","/Volumes/E/Projects/kirikiri2_mob/kirikiri2/src/core/visual/RenderManager.cpp","1474","w == rctar.get_width() && h == rctar.get_height()"
"Kirikiroid2_1.3.9_iOS_armv7","armv7","sub_33B202","0x33b202","0x33b2ca","DoRender","/Volumes/E/Projects/kirikiri2_mob/kirikiri2/src/core/visual/RenderManager.cpp","1806","rctar.get_width() == w && rctar.get_height() == h"
"Kirikiroid2_1.3.9_iOS_armv7","armv7","sub_33B2F8","0x33b2f8","0x33b3c0","DoRender","/Volumes/E/Projects/kirikiri2_mob/kirikiri2/src/core/visual/RenderManager.cpp","1806","rctar.get_width() == w && rctar.get_height() == h"
"Kirikiroid2_1.3.9_iOS_armv7","armv7","sub_343ED8","0x343ed8","0x344028","GetFrontBuffer","/Volumes/E/Projects/kirikiri2_mob/kirikiri2/src/core/movie/ffmpeg/KRMovieLayer.cpp","29","m_usedPicture >= 0"
"Kirikiroid2_1.3.9_iOS_armv7","armv7","sub_34410C","0x34410c","0x3442e8","AddVideoPicture","/Volumes/E/Projects/kirikiri2_mob/kirikiri2/src/core/movie/ffmpeg/KRMovieLayer.cpp","91","img_convert_ctx"
