ordinal	kind	member	local_macro	android_arm64_name	android_arm64_publish	android_arm64_callbacks_unordered_if_pair	android_armv7_name	android_armv7_publish	android_armv7_callbacks	ios_arm64_name	ios_arm64_publish	ios_arm64_callbacks	ios_armv7_name	ios_armv7_publish	ios_armv7_callbacks	registration_status	body_status
1	STATIC_RW_PROPERTY	defaultSyncActive	NCB_PROPERTY	0x14D6316	0x6D3EB4	0x6D67D8|0x6D67E4	0xD85C24	0x597F04	0x598D24|0x598D30	0x10195C98C	0x100124540	0x100125430|0x10012543C	0x174ECF0	0x123888	0x124626|0x124634	EVIDENCED_4_4	OUT_OF_SCOPE_FOR_SURFACE_SLICE
2	STATIC_RW_PROPERTY	defaultTransformOrder	NCB_PROPERTY	0x14D633A	0x6D3F2C	0x6ADD5C|0x6ADE94	0xD85C48	0x597F1E	0x57F4B8|0x57F54C	0x10195C9B0	0x100124564	0x100106564|0x1001066A8	0x174ED14	0x1238AE	0x103918|0x103A84	EVIDENCED_4_4	OUT_OF_SCOPE_FOR_SURFACE_SLICE
3	RO_PROPERTY	resourceManager	NCB_PROPERTY_RO	0x14D6366	0x6D3F98	0x6D67F4	0xD85C74	0x597F3A	0x598D3C	0x10195C9DC	0x10012458C	0x100125448	0x174ED40	0x1238D2	0x124642	EVIDENCED_4_4	OUT_OF_SCOPE_FOR_SURFACE_SLICE
4	RO_PROPERTY	lastTime	NCB_PROPERTY_RO	0x14D3A60	0x6D4004	0x6D6800	0xD844A2	0x597F54	0x598D50	0x10195C822	0x1001245B4	0x100125454	0x174EB86	0x1238F4	0x124650	EVIDENCED_4_4	OUT_OF_SCOPE_FOR_SURFACE_SLICE
5	RO_PROPERTY	loopTime	NCB_PROPERTY_RO	0x14D3ED6	0x6D4068	0x6D6828	0xD8488C	0x597F6E	0x598D88	0x10195C810	0x1001245DC	0x10012547C	0x174EB74	0x123916	0x124684	EVIDENCED_4_4	OUT_OF_SCOPE_FOR_SURFACE_SLICE
6	RO_PROPERTY	variableKeys	NCB_PROPERTY_RO	0x14D4056	0x6D40CC	0x6CE77C	0xD849FC	0x597F88	0x5948D0	0x10195C9FC	0x100124604	0x1001200B4	0x174ED60	0x123938	0x11EDC0	EVIDENCED_4_4	IMPLEMENTED
7	RW_PROPERTY	chara	NCB_PROPERTY	0x14D3DB4	0x6D414C	0x6BE27C|0x6D6850	0xD8474E	0x597FA6	0x598DC0|0x58A484	0x10195C1C0	0x100124630	0x1001254A4|0x1001138D8	0x174E524	0x123962	0x1246B8|0x1112E4	EVIDENCED_4_4	OUT_OF_SCOPE_FOR_SURFACE_SLICE
8	RW_PROPERTY	stealthChara	NCB_PROPERTY	0x14D6386	0x6D41C4	0x6D6890|0x6D6870	0xD85C94	0x597FC4	0x598DE0|0x598E00	0x10195CA16	0x10012465C	0x1001254C4|0x1001254E4	0x174ED7A	0x12398C	0x1246D8|0x1246F8	EVIDENCED_4_4	OUT_OF_SCOPE_FOR_SURFACE_SLICE
9	RW_PROPERTY	motion	NCB_PROPERTY	0x14D3DC0	0x6D423C	0x6BEF00|0x6D6924	0xD8475A	0x597FE2	0x598E08|0x58AD8C	0x10195B406	0x100124688	0x1001254F4|0x1001143D0	0x174D76A	0x1239B6	0x124700|0x111E00	EVIDENCED_4_4	OUT_OF_SCOPE_FOR_SURFACE_SLICE
10	RW_PROPERTY	stealthMotion	NCB_PROPERTY	0x14D63A0	0x6D42B4	0x6D6944|0x6D6964	0xD85CAE	0x598000	0x598E28|0x598E48	0x10195CA30	0x1001246B4	0x100125514|0x100125534	0x174ED94	0x1239E0	0x124720|0x124740	EVIDENCED_4_4	OUT_OF_SCOPE_FOR_SURFACE_SLICE
11	RO_PROPERTY	tags	NCB_PROPERTY_RO	0x14D63BC	0x6D4318	0x6D69F8	0xD85CCA	0x59801A	0x598E50	0x10195CA4C	0x1001246DC	0x100125544	0x174EDB0	0x123A02	0x124748	EVIDENCED_4_4	OUT_OF_SCOPE_FOR_SURFACE_SLICE
12	RW_PROPERTY	motionKey	NCB_PROPERTY	0x14D3E56	0x6D4398	0x692FC0|0x6B1D58	0xD8480C	0x59803C	0x570E6C|0x5817A4	0x10195CA56	0x100124710	0x1000F3D84|0x100109168	0x174EDBA	0x123A30	0xF06F8|0x106994	EVIDENCED_4_4	OUT_OF_SCOPE_FOR_SURFACE_SLICE
13	RW_PROPERTY	project	NCB_PROPERTY	0x14D3E6A	0x6D4400	0x692FC0|0x6B1D58	0xD84820	0x598052	0x570E6C|0x5817A4	0x10195CA6A	0x100124734	0x1000F3D84|0x100109168	0x174EDCE	0x123A4A	0xF06F8|0x106994	EVIDENCED_4_4	OUT_OF_SCOPE_FOR_SURFACE_SLICE
14	RW_PROPERTY	completionType	NCB_PROPERTY	0x14D3E38	0x6D4480	0x6D6A0C|0x6D6A04	0xD847EE	0x598070	0x598E5E|0x598E64	0x10195CA7A	0x100124760	0x100125550|0x100125558	0x174EDDE	0x123A74	0x124756|0x12475C	EVIDENCED_4_4	OUT_OF_SCOPE_FOR_SURFACE_SLICE
15	RW_PROPERTY	preview	NCB_PROPERTY	0x14D63C6	0x6D4500	0x6D6A1C|0x6D6A14	0xD85CD4	0x59808E	0x598E6A|0x598E70	0x10195CA98	0x10012478C	0x100125560|0x100125568	0x174EDFC	0x123A9E	0x124762|0x124768	EVIDENCED_4_4	OUT_OF_SCOPE_FOR_SURFACE_SLICE
16	RW_PROPERTY	priorDraw	NCB_PROPERTY	0x14D3E8A	0x6D4578	0x6D6A30|0x6D6A28	0xD84840	0x5980AC	0x598E76|0x598E7C	0x10195C670	0x1001247B8	0x100125570|0x100125578	0x174E9D4	0x123AC8	0x12476E|0x124774	EVIDENCED_4_4	OUT_OF_SCOPE_FOR_SURFACE_SLICE
17	RW_PROPERTY	outsideFactor	NCB_PROPERTY	0x14D63D6	0x6D45F8	0x6D6A44|0x6D6A3C	0xD85CE4	0x5980CA	0x598E82|0x598E8C	0x10195CAA8	0x1001247E4	0x100125580|0x100125588	0x174EE0C	0x123AF2	0x12477A|0x124784	EVIDENCED_4_4	OUT_OF_SCOPE_FOR_SURFACE_SLICE
18	RW_PROPERTY	meshDivisionRatio	NCB_PROPERTY	0x14BE9DA	0x6D4670	0x6D6A54|0x6D6A4C	0xD7680E	0x5980E8	0x598E96|0x598EA0	0x10195CAC4	0x100124810	0x100125590|0x100125598	0x174EE28	0x123B1C	0x12478E|0x124798	EVIDENCED_4_4	OUT_OF_SCOPE_FOR_SURFACE_SLICE
19	RW_PROPERTY	speed	NCB_PROPERTY	0x14D385C	0x6D46E8	0x6D6A64|0x6D6A5C	0xD8433C	0x598106	0x598EAA|0x598EB4	0x10195CAE8	0x10012483C	0x1001255A0|0x1001255A8	0x174EE4C	0x123B46	0x1247A2|0x1247AC	EVIDENCED_4_4	OUT_OF_SCOPE_FOR_SURFACE_SLICE
20	RW_PROPERTY	syncActive	NCB_PROPERTY	0x14D63F2	0x6D4760	0x6D6A74|0x6D6A6C	0xD85D00	0x598124	0x598EBE|0x598EC4	0x10195CAF4	0x100124868	0x1001255B0|0x1001255B8	0x174EE58	0x123B70	0x1247B6|0x1247BC	EVIDENCED_4_4	OUT_OF_SCOPE_FOR_SURFACE_SLICE
21	RW_PROPERTY	tickCount	NCB_PROPERTY	0x14D6408	0x6D47D8	0x6D6AA0|0x6D6A80	0xD85D16	0x598142	0x598ED0|0x598F00	0x10195CB0A	0x100124894	0x1001255C0|0x1001255E0	0x174EE6E	0x123B9A	0x1247C4|0x1247F0	EVIDENCED_4_4	OUT_OF_SCOPE_FOR_SURFACE_SLICE
22	RW_PROPERTY	frameTickCount	NCB_PROPERTY	0x14D641C	0x6D4850	0x6BE2D4|0x6D6AE0	0xD85D2A	0x598160	0x598F68|0x58A490	0x10195CB1E	0x1001248C0	0x100125620|0x1001138E8	0x174EE82	0x123BC4	0x12484C|0x1112EC	EVIDENCED_4_4	OUT_OF_SCOPE_FOR_SURFACE_SLICE
23	RW_PROPERTY	cameraActive	NCB_PROPERTY	0x14D643A	0x6D48C8	0x6D6AF0|0x6D6AE8	0xD85D48	0x59817E	0x598F72|0x598F78	0x10195CB3C	0x1001248EC	0x100125628|0x100125630	0x174EEA0	0x123BEE	0x124856|0x12485C	EVIDENCED_4_4	OUT_OF_SCOPE_FOR_SURFACE_SLICE
24	RW_PROPERTY	stereovisionActive	NCB_PROPERTY	0x14D6454	0x6D4940	0x6D6B04|0x6D6AFC	0xD85D62	0x59819C	0x598F7E|0x598F84	0x10195CB56	0x100124918	0x100125638|0x100125640	0x174EEBA	0x123C18	0x124862|0x124868	EVIDENCED_4_4	OUT_OF_SCOPE_FOR_SURFACE_SLICE
25	RW_PROPERTY	outline	NCB_PROPERTY	0x14D3E7A	0x6D49B8	0x6D6B1C|0x6D6B10	0xD84830	0x5981BA	0x598F8A|0x598F98	0x10195CB7C	0x100124944	0x100125648|0x100125654	0x174EEE0	0x123C42	0x12486E|0x12487C	EVIDENCED_4_4	OUT_OF_SCOPE_FOR_SURFACE_SLICE
26	RW_PROPERTY	meshline	NCB_PROPERTY	0x14D647A	0x6D4A30	0x6D6B30|0x6D6B24	0xD85D88	0x5981D8	0x598FA0|0x598FAE	0x10195CB8C	0x100124970	0x10012565C|0x100125668	0x174EEF0	0x123C6C	0x124884|0x124892	EVIDENCED_4_4	OUT_OF_SCOPE_FOR_SURFACE_SLICE
27	RW_PROPERTY	maskMode	NCB_PROPERTY	0x14BE7EE	0x6D4AA8	0x6D6B38|0x6D6B40	0xD76666	0x5981F6	0x598FB6|0x598FBC	0x10195CB9E	0x10012499C	0x100125670|0x100125678	0x174EF02	0x123C96	0x12489A|0x1248A0	EVIDENCED_4_4	OUT_OF_SCOPE_FOR_SURFACE_SLICE
28	RW_PROPERTY	colorWeight	NCB_PROPERTY	0x14D648C	0x6D4B28	0x6CAB04|0x6CAAF0	0xD85D9A	0x598214	0x5928F4|0x59290C	0x10195CBB0	0x1001249C8	0x10011D4E4|0x10011D4F8	0x174EF14	0x123CC0	0x11BE94|0x11BEAC	EVIDENCED_4_4	IMPLEMENTED
29	RW_PROPERTY	independentLayerInherit	NCB_PROPERTY	0x14D64A4	0x6D4BA0	0x6D6B48|0x6C9DB4	0xD85DB2	0x598232	0x598FC2|0x5921E8	0x10195CBC8	0x1001249F4	0x100125680|0x10011CB18	0x174EF2C	0x123CEA	0x1248A6|0x11B498	EVIDENCED_4_4	IMPLEMENTED
30	RW_PROPERTY	transformOrder	NCB_PROPERTY	0x14D5E14	0x6D4C18	0x6C9568|0x6C96A4	0xD85850	0x598250	0x591F98|0x59202C	0x10195C336	0x100124A20	0x10011C83C|0x10011C8E8	0x174E69A	0x123D14	0x11B0A0|0x11B194	EVIDENCED_4_4	OUT_OF_SCOPE_FOR_SURFACE_SLICE
31	RW_PROPERTY	coordinate	NCB_PROPERTY	0x14D5DAE	0x6D4C90	0x6D6B50|0x6B1D60	0xD85802	0x59826E	0x598FC8|0x5817AC	0x10195C2BC	0x100124A4C	0x100125688|0x100109170	0x174E620	0x123D3E	0x1248AC|0x10699C	EVIDENCED_4_4	OUT_OF_SCOPE_FOR_SURFACE_SLICE
32	RW_PROPERTY	zFactor	NCB_PROPERTY	0x14D64D4	0x6D4D08	0x6B1D6C|0x6D6B5C	0xD85DE2	0x59828C	0x598FD0|0x5817B4	0x10195CBF8	0x100124A78	0x1001256B0|0x100109198	0x174EF5C	0x123D68	0x1248D2|0x1069C4	EVIDENCED_4_4	IMPLEMENTED
33	RO_PROPERTY	cameraTarget	NCB_PROPERTY_RO	0x14D64E4	0x6D4D6C	0x6C9AF4	0xD85DF2	0x5982A6	0x592100	0x10195CC08	0x100124AA0	0x10011CA20	0x174EF6C	0x123D8A	0x11B2E8	EVIDENCED_4_4	IMPLEMENTED
34	RO_PROPERTY	cameraPosition	NCB_PROPERTY_RO	0x14D64FE	0x6D4DD0	0x6C9C54	0xD85E0C	0x5982C0	0x592174	0x10195CC22	0x100124AC8	0x10011CA9C	0x174EF86	0x123DAC	0x11B3C0	EVIDENCED_4_4	IMPLEMENTED
35	RO_PROPERTY	cameraFOV	NCB_PROPERTY_RO	0x14D651C	0x6D4E34	0x6D6B64	0xD85E2A	0x5982DA	0x598FDA	0x10195CC40	0x100124AF0	0x1001256B8	0x174EFA4	0x123DCE	0x1248DC	EVIDENCED_4_4	OUT_OF_SCOPE_FOR_SURFACE_SLICE
36	RO_PROPERTY	cameraAlive	NCB_PROPERTY_RO	0x14D6530	0x6D4EA0	0x6D6B6C	0xD85E3E	0x5982F4	0x598FE4	0x10195CC54	0x100124B18	0x1001256C0	0x174EFB8	0x123DF0	0x1248E6	EVIDENCED_4_4	OUT_OF_SCOPE_FOR_SURFACE_SLICE
37	RO_PROPERTY	bounds	NCB_PROPERTY_RO	0x14C178A	0x6D4F04	0x6C9E64	0xD7810C	0x59830E	0x59226C	0x10195CC6C	0x100124B40	0x10011CBD4	0x174EFD0	0x123E12	0x11B53C	EVIDENCED_4_4	IMPLEMENTED
38	RO_PROPERTY	playing	NCB_PROPERTY_RO	0x14D654E	0x6D4F68	0x6D6B74	0xD85E5C	0x598328	0x598FEA	0x10195CC7A	0x100124B68	0x1001256C8	0x174EFDE	0x123E34	0x1248EC	EVIDENCED_4_4	OUT_OF_SCOPE_FOR_SURFACE_SLICE
39	RO_PROPERTY	allplaying	NCB_PROPERTY_RO	0x14D6548	0x6D4FCC	0x6CA214	0xD85E56	0x598342	0x5924EC	0x10195CC8A	0x100124B90	0x10011CEA4	0x174EFEE	0x123E56	0x11B8C4	EVIDENCED_4_4	OUT_OF_SCOPE_FOR_SURFACE_SLICE
40	RO_PROPERTY	syncWaiting	NCB_PROPERTY_RO	0x14D655E	0x6D5030	0x6D6B7C	0xD85E6C	0x59835C	0x598FF0	0x10195CCA0	0x100124BB8	0x1001256D0	0x174F004	0x123E78	0x1248F2	EVIDENCED_4_4	OUT_OF_SCOPE_FOR_SURFACE_SLICE
41	RO_PROPERTY	frameLastTime	NCB_PROPERTY_RO	0x14D3E9E	0x6D5094	0x6D6B84	0xD84854	0x598376	0x598FF6	0x10195CCB8	0x100124BE0	0x1001256D8	0x174F01C	0x123E9A	0x1248F8	EVIDENCED_4_4	OUT_OF_SCOPE_FOR_SURFACE_SLICE
42	RO_PROPERTY	frameLoopTime	NCB_PROPERTY_RO	0x14D3EBA	0x6D50F8	0x6D6B8C	0xD84870	0x598390	0x599000	0x10195CCD4	0x100124C08	0x1001256E0	0x174F038	0x123EBC	0x124902	EVIDENCED_4_4	OUT_OF_SCOPE_FOR_SURFACE_SLICE
43	RO_PROPERTY	hasCamera	NCB_PROPERTY_RO	0x14D6576	0x6D515C	0x6CA378	0xD85E84	0x5983AA	0x5925E0	0x10195CCF0	0x100124C30	0x10011CFA8	0x174F054	0x123EDE	0x11B972	EVIDENCED_4_4	OUT_OF_SCOPE_FOR_SURFACE_SLICE
44	RW_PROPERTY	angleDeg	NCB_PROPERTY	0x14D53A8	0x6D51D4	0x6BE364|0x6BEB60	0xD84F40	0x5983C8	0x58AB30|0x58A540	0x10195B6CE	0x100124C5C	0x10011408C|0x1001139C8	0x174DA32	0x123F08	0x111ABC|0x1113DC	EVIDENCED_4_4	OUT_OF_SCOPE_FOR_SURFACE_SLICE
45	RW_PROPERTY	angleRad	NCB_PROPERTY	0x14D53BA	0x6D524C	0x6CA4A0|0x6CA4CC	0xD84F52	0x5983E6	0x5926F0|0x592720	0x10195B6E0	0x100124C88	0x10011D208|0x10011D250	0x174DA44	0x123F32	0x11BB9C|0x11BBE8	EVIDENCED_4_4	OUT_OF_SCOPE_FOR_SURFACE_SLICE
46	METHOD	setCoord	NCB_METHOD	0x14BE79A	0x6D5268	0x6CA3D8	0xD76612	0x5983FC	0x592620	0x10195CD04	0x100124CA8	0x10011D060	0x174F068	0x123F50	0x11BA0C	EVIDENCED_4_4	OUT_OF_SCOPE_FOR_SURFACE_SLICE
47	RW_PROPERTY	x	NCB_PROPERTY	0x1507F7E	0x6D52F8	0x6D6C88|0x6CA408	0x598AE0	0x59841C	0x59900A|0x592662	0x10195B28E	0x100124CDC	0x1001256E8|0x10011D0BC	0x174D5F2	0x123F7C	0x12490C|0x11BA76	EVIDENCED_4_4	OUT_OF_SCOPE_FOR_SURFACE_SLICE
48	RW_PROPERTY	y	NCB_PROPERTY	0x1507F98	0x6D5370	0x6D6C94|0x6CA428	0x598AEC	0x59843C	0x59901C|0x592688	0x10195B292	0x100124D10	0x100125710|0x10011D104	0x174D5F6	0x123FAA	0x12493C|0x11BABC	EVIDENCED_4_4	OUT_OF_SCOPE_FOR_SURFACE_SLICE
49	RW_PROPERTY	left	NCB_PROPERTY	0x14D6F9A	0x6D53D8	0x6D6C88|0x6CA408	0xD75FD2	0x598452	0x59900A|0x592662	0x10195B61C	0x100124D34	0x1001256E8|0x10011D0BC	0x174D980	0x123FCC	0x12490C|0x11BA76	EVIDENCED_4_4	OUT_OF_SCOPE_FOR_SURFACE_SLICE
50	RW_PROPERTY	top	NCB_PROPERTY	0x14CD548	0x6D5440	0x6D6C94|0x6CA428	0xD7F6C6	0x598468	0x59901C|0x592688	0x10195B626	0x100124D58	0x100125710|0x10011D104	0x174D98A	0x123FE6	0x12493C|0x11BABC	EVIDENCED_4_4	OUT_OF_SCOPE_FOR_SURFACE_SLICE
51	METHOD	setFlip	NCB_METHOD	0x14D658A	0x6D54B8	0x6BE2FC	0xD85E98	0x59847E	0x58A4D8	0x10195CD16	0x100124D78	0x100113910	0x174F07A	0x124004	0x111326	EVIDENCED_4_4	OUT_OF_SCOPE_FOR_SURFACE_SLICE
52	RW_PROPERTY	flipX	NCB_PROPERTY	0x14D5378	0x6D5538	0x6CA448|0x6D6CA0	0xD84F10	0x59849C	0x59902E|0x5926AE	0x10195B69E	0x100124DA4	0x100125738|0x10011D14C	0x174DA02	0x12402E	0x12496C|0x11BB02	EVIDENCED_4_4	OUT_OF_SCOPE_FOR_SURFACE_SLICE
53	RW_PROPERTY	flipY	NCB_PROPERTY	0x14D5384	0x6D55B0	0x6CA46C|0x6D6CAC	0xD84F1C	0x5984BA	0x599038|0x5926C6	0x10195B6AA	0x100124DD0	0x100125760|0x10011D194	0x174DA0E	0x124058	0x124994|0x11BB3A	EVIDENCED_4_4	OUT_OF_SCOPE_FOR_SURFACE_SLICE
54	METHOD	setOpacity	NCB_METHOD	0x14D659A	0x6D5620	0x6BE408	0xD85EA8	0x5984D2	0x58A60A	0x10195CD26	0x100124DF4	0x100113AC0	0x174F08A	0x124078	0x1114E6	EVIDENCED_4_4	OUT_OF_SCOPE_FOR_SURFACE_SLICE
55	RW_PROPERTY	opacity	NCB_PROPERTY	0x14BE734	0x6D5698	0x6D6CB8	0xD84F80	0x5984EC	0x599042|0x58A60A	0x10195B70E	0x100124E1C	0x100125788|0x100113AC0	0x174DA72	0x12409A	0x1249BC|0x1114E6	EVIDENCED_4_4	OUT_OF_SCOPE_FOR_SURFACE_SLICE
56	METHOD	setVisible	NCB_METHOD	0x14D65B0	0x6D5708	0x6BE428	0xD85EBE	0x598504	0x58A622	0x10195CD3C	0x100124E40	0x100113B08	0x174F0A0	0x1240BA	0x11151E	EVIDENCED_4_4	OUT_OF_SCOPE_FOR_SURFACE_SLICE
57	RW_PROPERTY	visible	NCB_PROPERTY	0x15187D2	0x6D5778	0x6D6CC4	0xDBDBC0	0x59851E	0x59904C|0x58A622	0x10195B658	0x100124E68	0x1001257B0|0x100113B08	0x174D9BC	0x1240DC	0x1249E4|0x11151E	EVIDENCED_4_4	OUT_OF_SCOPE_FOR_SURFACE_SLICE
58	METHOD	setSlant	NCB_METHOD	0x14D65C6	0x6D5794	0x6BE3D8	0xD85ED4	0x598534	0x58A5C8	0x10195CD52	0x100124E88	0x100113A64	0x174F0B6	0x1240FA	0x11147C	EVIDENCED_4_4	OUT_OF_SCOPE_FOR_SURFACE_SLICE
59	RW_PROPERTY	slantX	NCB_PROPERTY	0x14D53CC	0x6D5824	0x6CE73C|0x6D6CD0	0xD84F64	0x598552	0x599056|0x594884	0x10195B6F2	0x100124EB4	0x1001257D8|0x100120024	0x174DA56	0x124124	0x124A0C|0x11ED34	EVIDENCED_4_4	OUT_OF_SCOPE_FOR_SURFACE_SLICE
60	RW_PROPERTY	slantY	NCB_PROPERTY	0x14D53DA	0x6D589C	0x6D6CDC|0x6CE75C	0xD84F72	0x598570	0x599068|0x5948AA	0x10195B700	0x100124EE0	0x100125800|0x10012006C	0x174DA64	0x12414E	0x124A3C|0x11ED7A	EVIDENCED_4_4	OUT_OF_SCOPE_FOR_SURFACE_SLICE
61	METHOD	setZoom	NCB_METHOD	0x14D65D8	0x6D58B8	0x6BE334	0x598B5C	0x598584	0x58A4FE	0x10195CD64	0x100124F00	0x10011396C	0x174F0C8	0x12416C	0x111372	EVIDENCED_4_4	OUT_OF_SCOPE_FOR_SURFACE_SLICE
62	RW_PROPERTY	zoomX	NCB_PROPERTY	0x14D5390	0x6D5948	0x6CE6FC|0x6D6CE8	0xD84F28	0x5985A2	0x59907A|0x594838	0x10195B6B6	0x100124F2C	0x100125828|0x10011FF94	0x174DA1A	0x124196	0x124A6C|0x11ECA8	EVIDENCED_4_4	OUT_OF_SCOPE_FOR_SURFACE_SLICE
63	RW_PROPERTY	zoomY	NCB_PROPERTY	0x14D539C	0x6D59C0	0x6D6CF4|0x6CE71C	0xD84F34	0x5985C0	0x59908C|0x59485E	0x10195B6C2	0x100124F58	0x100125850|0x10011FFDC	0x174DA26	0x1241C0	0x124A9C|0x11ECEE	EVIDENCED_4_4	OUT_OF_SCOPE_FOR_SURFACE_SLICE
64	RW_PROPERTY	useD3D	NCB_PROPERTY	0x14D65E8	0x6D5A40	0x6D6D00|0x6931C0	0xD85EE6	0x5985DE	0x570F4C|0x59909E	0x10195CD74	0x100124F84	0x1000F4090|0x100125878	0x174F0D8	0x1241EA	0xF0BDC|0x124ACC	EVIDENCED_4_4	OUT_OF_SCOPE_FOR_SURFACE_SLICE
65	RW_PROPERTY	pixelateDivision	NCB_PROPERTY	0x14BE890	0x6D5AC0	0x6D6D14|0x6D6D0C	0xD766DC	0x5985FC	0x5990A4|0x5990AA	0x10195CD82	0x100124FB0	0x100125880|0x100125888	0x174F0E6	0x124214	0x124AD2|0x124AD8	EVIDENCED_4_4	OUT_OF_SCOPE_FOR_SURFACE_SLICE
66	RAW_METHOD	setVariable	NCB_METHOD_RAW_CALLBACK	0x14BEB70	0x6D5B30	0x6CE250	0xD769A4	0x598610	0x594680	0x10195CDA4	0x100124FCC	0x10011FD04	0x174F108	0x124230	0x11E978	EVIDENCED_4_4	OUT_OF_SCOPE_FOR_SURFACE_SLICE
67	METHOD	getVariable	NCB_METHOD	0x14BEB88	0x6D5BA0	0x6CA77C	0xD769BC	0x598626	0x592810	0x10195CDBC	0x100124FEC	0x10011D3D8	0x174F120	0x12424E	0x11BD50	EVIDENCED_4_4	OUT_OF_SCOPE_FOR_SURFACE_SLICE
68	METHOD	modifyRoot	NCB_METHOD	0x14D3F94	0x6D5BBC	0x6CA490	0xD8494A	0x59863C	0x5926DE	0x10195CDD4	0x10012500C	0x10011D1DC	0x174F138	0x12426C	0x11BB72	EVIDENCED_4_4	IMPLEMENTED
69	RO_PROPERTY	processedMeshVerticesNum	NCB_PROPERTY_RO	0x14D3EE8	0x6D5C38	0x6CE3F8	0xD8489E	0x598656	0x594710	0x10195CDEA	0x100125034	0x10011FDA8	0x174F14E	0x12428E	0x11EA6C	EVIDENCED_4_4	IMPLEMENTED
70	METHOD	getLayerNames	NCB_METHOD	0x14D65F6	0x6D5CB0	0x6CE4C0	0xD85EF4	0x59866C	0x594798	0x10195CE1C	0x100125054	0x10011FE88	0x174F180	0x1242AC	0x11EB7C	EVIDENCED_4_4	IMPLEMENTED
71	RAW_METHOD	play	NCB_METHOD_RAW_CALLBACK	0x14BD70A	0x6D5D04	0x6CFFE8	0xD75F56	0x598680	0x59565C	0x10195CE38	0x100125070	0x1001212C0	0x174F19C	0x1242C8	0x120050	EVIDENCED_4_4	OUT_OF_SCOPE_FOR_SURFACE_SLICE
72	RAW_METHOD	progress	NCB_METHOD_RAW_CALLBACK	0x14BEE6C	0x6D5D50	0x6CFE78	0xD76C48	0x598694	0x595598	0x10195CE42	0x10012508C	0x100121204	0x174F1A6	0x1242E4	0x11FFB4	EVIDENCED_4_4	OUT_OF_SCOPE_FOR_SURFACE_SLICE
73	TYPED_DETAIL_METHOD	clear	NCB_METHOD_DETAIL	0x14BD6CE	0x6D5DC0	0x6D0160	0xD767CE	0x5986AA	0x595720	0x10195BF68	0x1001250AC	0x10012139C	0x174E2CC	0x124302	0x120168	EVIDENCED_4_4	OUT_OF_SCOPE_FOR_SURFACE_SLICE
74	METHOD	stop	NCB_METHOD	0x14BD714	0x6D5DDC	0x6D6E10	0xD75F60	0x5986C0	0x599118	0x10195CE54	0x1001250CC	0x100125938	0x174F1B8	0x124320	0x124B2E	EVIDENCED_4_4	OUT_OF_SCOPE_FOR_SURFACE_SLICE
75	METHOD	setCameraOffset	NCB_METHOD	0x14D3F74	0x6D5DF8	0x6D6E18	0xD8492A	0x5986D6	0x599120	0x10195CE5E	0x1001250EC	0x100125940	0x174F1C2	0x12433E	0x124B36	EVIDENCED_4_4	IMPLEMENTED
76	METHOD	getCameraOffset	NCB_METHOD	0x14D3F54	0x6D5E78	0x6CDE90	0xD8490A	0x5986EC	0x59441C	0x10195CE7E	0x10012510C	0x10011F6EC	0x174F1E2	0x12435C	0x11E220	EVIDENCED_4_4	IMPLEMENTED
77	METHOD	releaseSyncWait	NCB_METHOD	0x14D6612	0x6D5E94	0x6D6E28	0x598BF8	0x598700	0x59913A	0x10195CE9E	0x10012512C	0x100125954	0x174F202	0x12437A	0x124B54	EVIDENCED_4_4	OUT_OF_SCOPE_FOR_SURFACE_SLICE
78	TYPED_DETAIL_METHOD	draw	NCB_METHOD_DETAIL	0x14D3DEA	0x6D5F14	0x6D3398	0xD84784	0x598716	0x597864	0x10195CEBE	0x10012514C	0x100123C84	0x174F222	0x124398	0x122F28	EVIDENCED_4_4	OUT_OF_SCOPE_FOR_SURFACE_SLICE
79	METHOD	setDrawAffineTranslateMatrix	NCB_METHOD	0x14D3F1A	0x6D5F84	0x6D22F4	0xD848D0	0x59872C	0x596C40	0x10195CEC8	0x10012516C	0x100122D54	0x174F22C	0x1243B6	0x121D90	EVIDENCED_4_4	OUT_OF_SCOPE_FOR_SURFACE_SLICE
80	METHOD	contains	NCB_METHOD	0x14BEEC8	0x6D5FF4	0x6D071C	0xD76C6C	0x598742	0x595AF8	0x10195B27C	0x10012518C	0x1001218E8	0x174D5E0	0x1243D4	0x12065C	EVIDENCED_4_4	IMPLEMENTED
81	METHOD	calcViewParam	NCB_METHOD	0x14D6632	0x6D6064	0x6CE908	0x598C34	0x598756	0x594958	0x10195CF02	0x1001251AC	0x1001201CC	0x174F266	0x1243F2	0x11EED4	EVIDENCED_4_4	OUT_OF_SCOPE_FOR_SURFACE_SLICE
82	METHOD	getCommandList	NCB_METHOD	0x14D4204	0x6D60D4	0x6D0E2C	0xD84B8A	0x59876C	0x595FF0	0x10195CF1E	0x1001251CC	0x100121EB0	0x174F282	0x124410	0x120CF8	EVIDENCED_4_4	OUT_OF_SCOPE_FOR_SURFACE_SLICE
83	METHOD	getLayerMotion	NCB_METHOD	0x14D664E	0x6D6144	0x6D0D78	0xD85F10	0x598782	0x595F74	0x10195CF3C	0x1001251EC	0x100121E38	0x174F2A0	0x12442E	0x120C2C	EVIDENCED_4_4	IMPLEMENTED
84	METHOD	getLayerGetter	NCB_METHOD	0x14D666C	0x6D61B4	0x6D0CD4	0xD85F2E	0x598798	0x595EF4	0x10195CF5A	0x10012520C	0x100121D64	0x174F2BE	0x12444C	0x120B2C	EVIDENCED_4_4	OUT_OF_SCOPE_FOR_SURFACE_SLICE
85	METHOD	getLayerGetterList	NCB_METHOD	0x14D668A	0x6D621C	0x6D2368	0xD85F4C	0x5987AE	0x596CD4	0x10195CF78	0x10012522C	0x100122DC0	0x174F2DC	0x12446A	0x121E18	EVIDENCED_4_4	OUT_OF_SCOPE_FOR_SURFACE_SLICE
86	METHOD	skipToSync	NCB_METHOD	0x14D66B0	0x6D6238	0x6D08E4	0xD85F72	0x5987C4	0x595C48	0x10195CF9E	0x10012524C	0x100121A78	0x174F302	0x124488	0x1207F8	EVIDENCED_4_4	OUT_OF_SCOPE_FOR_SURFACE_SLICE
87	METHOD	onAction	NCB_METHOD	0x14D6152	0x6D62B8	0x6D6E30	0xD85B14	0x5987DA	0x599142	0x10195C6F0	0x10012526C	0x10012595C	0x174EA54	0x1244A6	0x124B5C	EVIDENCED_4_4	OUT_OF_SCOPE_FOR_SURFACE_SLICE
88	METHOD	onSync	NCB_METHOD	0x14D6144	0x6D62D4	0x6D6E34	0xD85B06	0x5987F0	0x599144	0x10195C6E2	0x10012528C	0x100125960	0x174EA46	0x1244C4	0x124B5E	EVIDENCED_4_4	OUT_OF_SCOPE_FOR_SURFACE_SLICE
89	METHOD	onGroundCorrection	NCB_METHOD	0x14D60E2	0x6D6354	0x6D6E38	0xD85AD4	0x598806	0x599146	0x10195C64A	0x1001252AC	0x100125964	0x174E9AE	0x1244E2	0x124B60	EVIDENCED_4_4	OUT_OF_SCOPE_FOR_SURFACE_SLICE
90	METHOD	onFindMotion	NCB_METHOD	0x14D5CC4	0x6D63C4	0x6D6E40	0xD8572C	0x59881C	0x599152	0x10195C1CC	0x1001252CC	0x10012596C	0x174E530	0x124500	0x124B6C	EVIDENCED_4_4	OUT_OF_SCOPE_FOR_SURFACE_SLICE
91	METHOD	isExistMotion	NCB_METHOD	0x14D5A22	0x6D6434	0x6CDBD4	0xD85542	0x598832	0x5942F4	0x10195BED0	0x1001252EC	0x10011F558	0x174E234	0x12451E	0x11E054	EVIDENCED_4_4	OUT_OF_SCOPE_FOR_SURFACE_SLICE
92	METHOD	setStereovisionCameraPosition	NCB_METHOD	0x14D66C6	0x6D64A4	0x6CD420	0x598CA4	0x598846	0x593F44	0x10195CFB4	0x10012530C	0x10011F54C	0x174F318	0x12453C	0x11E038	EVIDENCED_4_4	OUT_OF_SCOPE_FOR_SURFACE_SLICE
